{
    "area": "India and Bangladesh Area",
    "region": "India, Middle East, and Africa",
    "kpiEffectedby": [
        {
            "kpiName": "Inbound Throughput",
            "actualValue": 2080730,
            "contribution": 0,
            "actualFormatedValue": "2.08M",
            "unitOfMeasure": "Units"
        },
        {
            "kpiName": "Outbound Throughput",
            "actualValue": 2038316,
            "contribution": 0,
            "actualFormatedValue": "2.04M",
            "unitOfMeasure": "Units"
        },
        {
            "kpiName": "Unsold Space %",
            "actualValue": 21.5,
            "contribution": 0,
            "actualFormatedValue": "21.5",
            "unitOfMeasure": "%"
        },
        {
            "kpiName": "SIFOT %",
            "actualValue": 98.76,
            "contribution": 0,
            "actualFormatedValue": "98.76",
            "unitOfMeasure": "%"
        },
        {
            "kpiName": "Capacity Utilization %",
            "actualValue": 32.6,
            "contribution": 0,
            "actualFormatedValue": "32.6",
            "unitOfMeasure": "%"
        },
        {
            "kpiName": "Inbound Productivity",
            "actualValue": 0.61,
            "contribution": 0,
            "actualFormatedValue": "0.61",
            "unitOfMeasure": "CBM/Manhour"
        },
        {
            "kpiName": "Outbound Productivity",
            "actualValue": 17.38,
            "contribution": 0,
            "actualFormatedValue": "17.38",
            "unitOfMeasure": "CBM/Manhour"
        }
    ],
    "modelAccuracy": 97.32,
    "actualKPIValue": 8.45,
    "targetKPIValue": 0
}