{
    "PDP": {
        "metrics": "PDP",
        "maxValue": "2075602.66",
        "minValue": "-2591599.72",
        "unit": "Million USD",
        "category": [
            {
                "to": "-10000"
            },
            {
                "from": "-10000",
                "to": "10000"
            },
            {
                "from": "10000",
                "to": "120000"
            },
            {
                "from": "120000",
                "to": "970000"
            },
            {
                "from": "970000",
                "to": "6000000"
            },
            {
                "from": "6000000",
                "to": "30000000"
            }
        ],
        "data": [
            {
                "countryCode": "VN",
                "countryName": "Vietnam",
                "value": "24578708.619999986",
                "category": "6"
            },
            {
                "countryCode": "SE",
                "countryName": "Sweden",
                "value": "968198.4499999993",
                "category": "4"
            },
            {
                "countryCode": "HR",
                "countryName": "Croatia",
                "value": "-204483.8899999999",
                "category": "1"
            },
            {
                "countryCode": "MY",
                "countryName": "Malaysia",
                "value": "2138451.4699999993",
                "category": "5"
            },
            {
                "countryCode": "CN",
                "countryName": "China",
                "value": "5937433.630000001",
                "category": "5"
            },
            {
                "countryCode": "KE",
                "countryName": "Kenya",
                "value": "7099.700000000001",
                "category": "2"
            },
            {
                "countryCode": "TW",
                "countryName": "Taiwan",
                "value": "218466.89999999997",
                "category": "4"
            },
            {
                "countryCode": "ET",
                "countryName": "Ethiopia",
                "value": "-4209.290000000001",
                "category": "2"
            },
            {
                "countryCode": "ID",
                "countryName": "Indonesia",
                "value": "14044272.629999995",
                "category": "6"
            },
            {
                "countryCode": "GB",
                "countryName": "United Kingdom",
                "value": "3567779.0799999996",
                "category": "5"
            },
            {
                "countryCode": "TH",
                "countryName": "Thailand",
                "value": "118376.33999999995",
                "category": "3"
            },
            {
                "countryCode": "SN",
                "countryName": "Senegal",
                "value": "220235.49999999997",
                "category": "4"
            }
        ]
    },
    "Revenue": {
        "metrics": "Revenue",
        "maxValue": "1039268.43",
        "minValue": "-439963.64",
        "unit": "Million USD",
        "category": [
            {
                "to": "120000"
            },
            {
                "from": "120000",
                "to": "1400000"
            },
            {
                "from": "1400000",
                "to": "3699000"
            },
            {
                "from": "3699000",
                "to": "5987000"
            },
            {
                "from": "5987000",
                "to": "25247400"
            },
            {
                "from": "25247400",
                "to": "55247400"
            }
        ],
        "data": [
            {
                "countryCode": "KH",
                "countryName": "Cambodia",
                "value": "5887000.769999998",
                "category": "4"
            },
            {
                "countryCode": "AE",
                "countryName": "United Arab Emirates",
                "value": "3599072.47",
                "category": "3"
            },
            {
                "countryCode": "GB",
                "countryName": "United Kingdom",
                "value": "3738734.8799999994",
                "category": "4"
            },
            {
                "countryCode": "MY",
                "countryName": "Malaysia",
                "value": "4307005.59",
                "category": "4"
            },
            {
                "countryCode": "CN",
                "countryName": "China",
                "value": "14517174.550000003",
                "category": "5"
            },
            {
                "countryCode": "HR",
                "countryName": "Croatia",
                "value": "1610888.0000000002",
                "category": "3"
            },
            {
                "countryCode": "VN",
                "countryName": "Vietnam",
                "value": "45719825.74000007",
                "category": "6"
            },
            {
                "countryCode": "HK",
                "countryName": "Hong Kong",
                "value": "1882994.4599999997",
                "category": "3"
            },
            {
                "countryCode": "SE",
                "countryName": "Sweden",
                "value": "23247497.77",
                "category": "5"
            },
            {
                "countryCode": "KE",
                "countryName": "Kenya",
                "value": "7437.63",
                "category": "1"
            },
            {
                "countryCode": "ID",
                "countryName": "Indonesia",
                "value": "14917313.78",
                "category": "5"
            },
            {
                "countryCode": "TH",
                "countryName": "Thailand",
                "value": "383948.7299999999",
                "category": "2"
            },
            {
                "countryCode": "ET",
                "countryName": "Ethiopia",
                "value": "111353.7",
                "category": "1"
            },
            {
                "countryCode": "TW",
                "countryName": "Taiwan",
                "value": "1306812.9599999997",
                "category": "2"
            },
            {
                "countryCode": "SN",
                "countryName": "Senegal",
                "value": "256194.83999999997",
                "category": "2"
            }
        ]
    }
}