{
    "yearMonths": [
        {
            "year": 2023,
            "months": [
                "January",
                "February",
                "March",
                "April",
                "May",
                "June",
                "July",
                "August",
                "September",
                "October",
                "November",
                "December"
            ]
        },
        {
            "year": 2022,
            "months": [
                "October",
                "November",
                "December"
            ]
        }
    ],
    "defaultMonthYear": {
        "year": 2022,
        "month": "May"
    }
}