{
  "lnscubecustomer": [
    {
      "sno": 1,
      "customerName": "AFRICA APPARELS EPZ LTD"
    },
    {
      "sno": 2,
      "customerName": "BRILLIANT GARMENTS KENYA EPZ LTD"
    },
    {
      "sno": 3,
      "customerName": "DICKIES, A DIVISION OF VF OUTDOOR, LLC"
    },
    {
      "sno": 4,
      "customerName": "KONTOOR US, LLC"
    },
    {
      "sno": 5,
      "customerName": "Unknown"
    }
  ],
  "volcoveragedata": [
    {
      "sno": 1,
      "customerName": "Unknown",
      "wmsName": "Facilities Portal"
    },
    {
      "sno": 2,
      "customerName": "KONTOOR Bonje",
      "wmsName": "Korber ONE NAS"
    },
    {
      "sno": 3,
      "customerName": "PVH Bonje",
      "wmsName": "Korber ONE NAS"
    },
    {
      "sno": 4,
      "customerName": "TCP Bonje",
      "wmsName": "Korber ONE NAS"
    },
    {
      "sno": 5,
      "customerName": "VFC Bonje",
      "wmsName": "Korber ONE NAS"
    }
  ],
  "wmscustomermapdata": [
    {
      "sno": 1,
      "customerName": "AFRICA APPARELS EPZ",
      "wmsName": "KorberOne Legacy"
    },
    {
      "sno": 2,
      "customerName": "BRILLIANT GARMENTS KENYA EPZ",
      "wmsName": "KorberOne Legacy"
    },
    {
      "sno": 3,
      "customerName": "CHILDRENS PLACE INTERNATIONAL LLC",
      "wmsName": "KorberOne Legacy"
    },
    {
      "sno": 4,
      "customerName": "DICKIES, A DIVISION OF VF OUTDOOR,",
      "wmsName": "KorberOne Legacy"
    },
    {
      "sno": 5,
      "customerName": "KONTOOR US, LLC",
      "wmsName": "KorberOne Legacy"
    },
    {
      "sno": 6,
      "customerName": "MEGA COUTURE CLOTHING",
      "wmsName": "KorberOne Legacy"
    },
    {
      "sno": 7,
      "customerName": "MOMBASA APPARELS EPZ",
      "wmsName": "KorberOne Legacy"
    },
    {
      "sno": 8,
      "customerName": "PVH",
      "wmsName": "KorberOne Legacy"
    },
    {
      "sno": 9,
      "customerName": "PVH CANADA",
      "wmsName": "KorberOne Legacy"
    },
    {
      "sno": 10,
      "customerName": "PVH CORP",
      "wmsName": "KorberOne Legacy"
    },
    {
      "sno": 11,
      "customerName": "UNITED ARYAN EPZ",
      "wmsName": "KorberOne Legacy"
    }
  ],
  "processEventData": [
    {
      "process": "Inbound",
      "subProcess": "Putaway",
      "processApplicable": "Yes",
      "scannedEventAvailable": "Yes",
      "whId": "SE001"
    },
    {
      "process": "Inbound",
      "subProcess": "Receive",
      "processApplicable": "Yes",
      "scannedEventAvailable": "Yes",
      "whId": "SE001"
    },
    {
      "process": "Outbound",
      "subProcess": "Pack",
      "processApplicable": "Yes",
      "scannedEventAvailable": "Yes",
      "whId": "SE001"
    },
    {
      "process": "Outbound",
      "subProcess": "Pick",
      "processApplicable": "Yes",
      "scannedEventAvailable": "Yes",
      "whId": "SE001"
    },
    {
      "process": "Outbound",
      "subProcess": "Ship",
      "processApplicable": "Yes",
      "scannedEventAvailable": "Yes",
      "whId": "SE001"
    }
  ],
  "complianceData": {
    "coverage": 52.08,
    "expectedDataPoints": 48,
    "receivedDataPoints": 25,
    "expectedDataPointsList": [
      "Fuel Consumption Gasoline",
      "No Of Orders",
      "Heating LNG Or CNG",
      "Yard Space Used",
      "Open Positions Beginning Of The Month",
      "Trailers Trucks Outbound",
      "VAS Units",
      "Cartons Undershipped",
      "Temperature Deviations Incidents",
      "Cartons Damaged",
      "VAS Orders",
      "Cycle Time Inbound",
      "CBM Outbound",
      "Lost Time Incidents",
      "New Hires Started Last Month",
      "Cartons Overshipped",
      "Containers Inbound",
      "Heating District Heating",
      "Available Pallet Positions",
      "Cartons Damaged By WHS Operations",
      "Quantity Outbound",
      "Manhours VAS",
      "Average FTEs Blue Collar Maersk",
      "Containers Outbound",
      "No Of POLines",
      "Pallet Positions Used",
      "No Of OrderLines",
      "Heating Fossil Oil",
      "Quantity Inbound",
      "Inventory Accuracy",
      "Orders With Quantity Error",
      "People Leaving Organization",
      "Manhours Outbound",
      "Available Space",
      "Cycle Time Outbound",
      "Heating Biogas",
      "Fuel Consumption Fossil Diesel",
      "Temperature Deviations Average Duration",
      "Orders With Late Dispatch",
      "Average FTEs Blue Collar Agency",
      "Trailers Trucks Inbound",
      "Bio Diesel",
      "CBM Inbound",
      "Manhours Inbound",
      "Average FTEs White Collar",
      "No Of POs",
      "Electricity Total",
      "Total Manhours"
    ],
    "receivedDataPointsList": [
      "Quantity Inbound",
      "Pallet Positions Used",
      "Available Pallet Positions",
      "Available Space",
      "Inventory Accuracy",
      "Quantity Outbound",
      "Trailers Trucks Outbound",
      "Orders With Quantity Error",
      "Orders With Late Dispatch",
      "VAS Orders",
      "VAS Units",
      "Manhours Inbound",
      "Manhours Outbound",
      "Manhours VAS",
      "Lost Time Incidents",
      "Open Positions Beginning Of The Month",
      "New Hires Started Last Month",
      "People Leaving Organization",
      "Average FTEs White Collar",
      "Average FTEs Blue Collar Maersk",
      "Average FTEs Blue Collar Agency",
      "No Of Orders",
      "Total Manhours",
      "Containers Inbound",
      "Containers Outbound"
    ]
  },
  "dataQuality": {
    "coverage": 79.31,
    "dataRules": [
      {
        "category": "Outbound Throughput",
        "kpi": "Outbound Throughput Shipped Units Fulfilment",
        "rules": "Pack End Date is available, however Pack Quantity is missing  (Only for Sites where Pack process is applicable)"
      },
      {
        "category": "Outbound Throughput",
        "kpi": "Outbound Throughput Shipped Units Fulfilment",
        "rules": "Pick End Date is available, however Pick Quantity is missing  (Only for Sites where Pick process is applicable)"
      },
      {
        "category": "Outbound Throughput",
        "kpi": "Outbound Throughput Shipped Units Fulfilment",
        "rules": "Shipped End Date is Available, however Shipped Quantity and UOM is missing"
      },
      {
        "category": "Unsold Space",
        "kpi": "Unsold Space",
        "rules": "No. of Sites Submitted Unsold space through Facility Portal"
      },
      {
        "category": "Inbound Throughput (Putaway)",
        "kpi": "Inbound Throughput Putaway Units Fulfilment",
        "rules": "Putaway End Date is Available, however Putaway Quantity & UOM is missing"
      },
      {
        "category": "Capacity Utilization",
        "kpi": "Capacity Utilization",
        "rules": "No of unmapped Inventory location against Total Inventory locations"
      }
    ]
  },
  "sameCustomerMatchMapping":[
    {
      "wmsCustomer" : "EMA",
      "financialCustomer" : "EXXON MOBIL MIDDLE EAST MARKETING CO"
    },
    {
      "wmsCustomer" : "EPCI",
      "financialCustomer" : "EXXONMOBIL PETROLEUM & CHEMICAL BV"
    },
    {
      "wmsCustomer" : "HYVA",
      "financialCustomer" : "HYVA INTERNATIONAL BV"
    },
    {
      "wmsCustomer" : "Hyva UAE",
      "financialCustomer" : "HYVA MEA FZE"
    },
    {
      "wmsCustomer" : "Napco National",
      "financialCustomer" : "NAPCO NATIONAL"
    }
  ]
}