[
  {
      "unitOfMeasure": "Square Meter",
      "kpi_FormattedName": "Projection Unsold Space",
      "data": [
          {
              "quarter": "2023 Qtr-3",
              "value": [
                  {
                      "Asia Pacific Region": 183700
                  },
                  {
                      "Europe Region": 234311
                  },
                  {
                      "India, Middle East, and Africa": 259189
                  },
                  {
                      "Latin America Region": 89165
                  },
                  {
                      "North America Region": 183186
                  }
              ]
          },
          {
              "quarter": "2023 Qtr-4",
              "value": [
                  {
                      "Asia Pacific Region": 168286
                  },
                  {
                      "Europe Region": 217329
                  },
                  {
                      "India, Middle East, and Africa": 274584
                  },
                  {
                      "Latin America Region": 87089
                  },
                  {
                      "North America Region": 148383
                  }
              ]
          },
          {
              "quarter": "2024 Qtr-1",
              "value": [
                  {
                      "Asia Pacific Region": 169805
                  },
                  {
                      "Europe Region": 214789
                  },
                  {
                      "India, Middle East, and Africa": 272999
                  },
                  {
                      "Latin America Region": 85674
                  },
                  {
                      "North America Region": 153486
                  }
              ]
          }
      ]
  }
]