[
    {
      "TimeLine": "2023-04-15T00:00:00",
      "ActualValue": 2325.57,
      "ForcastValue": 4423.8
    },
    {
      "TimeLine": "2023-04-16T00:00:00",
      "ActualValue": 0,
      "ForcastValue": 3250.26
    },
    {
      "TimeLine": "2023-04-17T00:00:00",
      "ActualValue": 3121.6,
      "ForcastValue": 3841.96
    },
    {
      "TimeLine": "2023-04-18T00:00:00",
      "ActualValue": 4632.41,
      "ForcastValue": 3840.09
    },
    {
      "TimeLine": "2023-04-19T00:00:00",
      "ActualValue": 3467.47,
      "ForcastValue": 2518.28
    },
    {
      "TimeLine": "2023-04-20T00:00:00",
      "ActualValue": 4203.25,
      "ForcastValue": 3380.2
    },
    {
      "TimeLine": "2023-04-21T00:00:00",
      "ActualValue": 5883.52,
      "ForcastValue": 4364.17
    },
    {
      "TimeLine": "2023-04-22T00:00:00",
      "ActualValue": 4766.56,
      "ForcastValue": 4516.41
    },
    {
      "TimeLine": "2023-04-23T00:00:00",
      "ActualValue": 0,
      "ForcastValue": 3413.46
    },
    {
      "TimeLine": "2023-04-24T00:00:00",
      "ActualValue": 0,
      "ForcastValue": 3411.36
    },
    {
      "TimeLine": "2023-04-25T00:00:00",
      "ActualValue": 0,
      "ForcastValue": 3337.25
    },
    {
      "TimeLine": "2023-04-26T00:00:00",
      "ActualValue": 0,
      "ForcastValue": 3002.07
    },
    {
      "TimeLine": "2023-04-27T00:00:00",
      "ActualValue": 0,
      "ForcastValue": 4093.86
    },
    {
      "TimeLine": "2023-04-28T00:00:00",
      "ActualValue": 0,
      "ForcastValue": 3927.39
    },
    {
      "TimeLine": "2023-04-29T00:00:00",
      "ActualValue": 0,
      "ForcastValue": 4055.7
    },
    {
      "TimeLine": "2023-04-30T00:00:00",
      "ActualValue": 0,
      "ForcastValue": 4253.43
    }
  ]