{
    "category":"Inbound", 
    "kpiSummary": {
        "throughput":{
            "title":"Inbound Throughput",
            "value":2000,
            "unitOfMeasure":"cbm",
            "deviation": 5
        },
        "manhours":{
            "title":"Inbound Manhours",
            "value":553,
            "unitOfMeasure":"hrs",
            "deviation": -5
        },
        "productivity":{
            "title":"Inbound Productivity",
            "value":23.1,
            "unitOfMeasure":"cbm / Manhour",
            "deviation": 15
        }
    }
}