[
    {
      "TimeLine": "2023-04-15T00:00:00",
      "ActualValue": 0.26,
      "ForcastValue": 0.44
    },
    {
      "TimeLine": "2023-04-16T00:00:00",
      "ActualValue": 0,
      "ForcastValue": 0.33
    },
    {
      "TimeLine": "2023-04-17T00:00:00",
      "ActualValue": 0.35,
      "ForcastValue": 0.41
    },
    {
      "TimeLine": "2023-04-18T00:00:00",
      "ActualValue": 0.51,
      "ForcastValue": 0.38
    },
    {
      "TimeLine": "2023-04-19T00:00:00",
      "ActualValue": 0.39,
      "ForcastValue": 0.21
    },
    {
      "TimeLine": "2023-04-20T00:00:00",
      "ActualValue": 0.47,
      "ForcastValue": 0.32
    },
    {
      "TimeLine": "2023-04-21T00:00:00",
      "ActualValue": 0.65,
      "ForcastValue": 0.42
    },
    {
      "TimeLine": "2023-04-22T00:00:00",
      "ActualValue": 0.53,
      "ForcastValue": 0.48
    },
    {
      "TimeLine": "2023-04-23T00:00:00",
      "ActualValue": 0,
      "ForcastValue": 0.35
    },
    {
      "TimeLine": "2023-04-24T00:00:00",
      "ActualValue": 0,
      "ForcastValue": 0.37
    },
    {
      "TimeLine": "2023-04-25T00:00:00",
      "ActualValue": 0,
      "ForcastValue": 0.35
    },
    {
      "TimeLine": "2023-04-26T00:00:00",
      "ActualValue": 0,
      "ForcastValue": 0.26
    },
    {
      "TimeLine": "2023-04-27T00:00:00",
      "ActualValue": 0,
      "ForcastValue": 0.39
    },
    {
      "TimeLine": "2023-04-28T00:00:00",
      "ActualValue": 0,
      "ForcastValue": 0.38
    },
    {
      "TimeLine": "2023-04-29T00:00:00",
      "ActualValue": 0,
      "ForcastValue": 0.41
    },
    {
      "TimeLine": "2023-04-30T00:00:00",
      "ActualValue": 0,
      "ForcastValue": 0.41
    }
  ]