[
    {
        "relativePeriod": "Apr",
        "parentKPI": "Inbound Throughput (Putaway)",
        "children": [
            {
                "title": "Consolidation",
                "uom": [
                    {
                        "unitOfMeasure": "CBM",
                        "value": 786623.95,
                        "formattedValue": "786.6K",
                        "deviation": 20.74,
                        "color": "green"
                    }
                ],
                "unitOfMeasure": "CBM",
                "value": 786623.95,
                "formattedValue": "786.6K",
                "deviation": 20.74,
                "color": "green"
            },
            {
                "title": "DeConsolidation",
                "uom": [
                    {
                        "unitOfMeasure": "CS",
                        "value": 13149732,
                        "formattedValue": "13.15M",
                        "deviation": -30.49,
                        "color": "red"
                    },
                    {
                        "unitOfMeasure": "Cartons",
                        "value": 10334588,
                        "formattedValue": "10.33M",
                        "deviation": 45.6,
                        "color": "green"
                    },
                    {
                        "unitOfMeasure": "EA",
                        "value": 6158721,
                        "formattedValue": "6.16M",
                        "deviation": -2.49,
                        "color": "red"
                    }
                ],
                "unitOfMeasure": "Units",
                "value": 29643041,
                "formattedValue": "29.64M",
                "deviation": -8.31,
                "color": "red"
            },
            {
                "title": "Fulfilment",
                "uom": [
                    {
                        "unitOfMeasure": "EA",
                        "value": 4868677018,
                        "formattedValue": "4868.7M",
                        "deviation": 55.72,
                        "color": "green"
                    },
                    {
                        "unitOfMeasure": "CS",
                        "value": 53057325,
                        "formattedValue": "53.06M",
                        "deviation": 42.11,
                        "color": "green"
                    },
                    {
                        "unitOfMeasure": "PL",
                        "value": 5425997,
                        "formattedValue": "5.43M",
                        "deviation": 29.04,
                        "color": "green"
                    },
                    {
                        "unitOfMeasure": "Others",
                        "value": 20,
                        "formattedValue": "20",
                        "deviation": 0,
                        "color": "green"
                    }
                ],
                "unitOfMeasure": "Units",
                "value": 4927160360,
                "formattedValue": "4927.2M",
                "deviation": 55.52,
                "color": "green"
            }
        ]
    },
    {
        "relativePeriod": "Apr",
        "parentKPI": "Outbound Throughput (Shipped)",
        "children": [
            {
                "title": "Consolidation",
                "uom": [
                    {
                        "unitOfMeasure": "CBM",
                        "value": 1351333.87,
                        "formattedValue": "1.35M",
                        "deviation": 51.25,
                        "color": "green"
                    }
                ],
                "unitOfMeasure": "CBM",
                "value": 1351333.87,
                "formattedValue": "1.35M",
                "deviation": 51.25,
                "color": "green"
            },
            {
                "title": "DeConsolidation",
                "uom": [
                    {
                        "unitOfMeasure": "CS",
                        "value": 11723051,
                        "formattedValue": "11.72M",
                        "deviation": -28.37,
                        "color": "red"
                    },
                    {
                        "unitOfMeasure": "Cartons",
                        "value": 9925820,
                        "formattedValue": "9.93M",
                        "deviation": 48.68,
                        "color": "green"
                    },
                    {
                        "unitOfMeasure": "EA",
                        "value": 6081329,
                        "formattedValue": "6.08M",
                        "deviation": -7.62,
                        "color": "red"
                    }
                ],
                "unitOfMeasure": "Units",
                "value": 27730200,
                "formattedValue": "27.73M",
                "deviation": -6.39,
                "color": "red"
            },
            {
                "title": "Fulfilment",
                "uom": [
                    {
                        "unitOfMeasure": "EA",
                        "value": 10778530397,
                        "formattedValue": "10778.5M",
                        "deviation": -4.42,
                        "color": "red"
                    },
                    {
                        "unitOfMeasure": "CS",
                        "value": 868508,
                        "formattedValue": "868.5K",
                        "deviation": 27.38,
                        "color": "green"
                    },
                    {
                        "unitOfMeasure": "Others",
                        "value": 85754,
                        "formattedValue": "85.75K",
                        "deviation": 19.81,
                        "color": "green"
                    },
                    {
                        "unitOfMeasure": "PL",
                        "value": 728,
                        "formattedValue": "728",
                        "deviation": -21.13,
                        "color": "red"
                    }
                ],
                "unitOfMeasure": "Units",
                "value": 10779485387,
                "formattedValue": "10779.5M",
                "deviation": -4.42,
                "color": "red"
            }
        ]
    },
    {
        "relativePeriod": "Apr",
        "parentKPI": "Unsold Space",
        "children": [
            {
                "title": "Unsold Space",
                "uom": null,
                "unitOfMeasure": "%",
                "value": 7.97,
                "formattedValue": "7.97%",
                "deviation": -15.1,
                "color": "green"
            }
        ]
    },
    {
        "relativePeriod": "Apr",
        "parentKPI": "SIFOT",
        "children": [
            {
                "title": "SIFOT",
                "uom": null,
                "unitOfMeasure": "%",
                "value": 88.04,
                "formattedValue": "88.04%",
                "deviation": -4.73,
                "color": "red"
            }
        ]
    },
    {
        "relativePeriod": "Apr",
        "parentKPI": "Inbound Productivity",
        "children": [
            {
                "title": "Inbound Productivity",
                "uom": null,
                "unitOfMeasure": "CBM/Manhour",
                "value": 2.07,
                "formattedValue": "2.07",
                "deviation": -41.77,
                "color": "red"
            }
        ]
    },
    {
        "relativePeriod": "Apr",
        "parentKPI": "Outbound Productivity",
        "children": [
            {
                "title": "Outbound Productivity",
                "uom": null,
                "unitOfMeasure": "CBM/Manhour",
                "value": 6.73,
                "formattedValue": "6.73",
                "deviation": 13.63,
                "color": "green"
            }
        ]
    },
    {
        "relativePeriod": "Apr",
        "parentKPI": "Capacity Utilization",
        "children": [
            {
                "title": "Capacity Utilization",
                "uom": null,
                "unitOfMeasure": "%",
                "value": 46.33,
                "formattedValue": "46.33%",
                "deviation": 4.21,
                "color": "green"
            }
        ]
    }
]