{
	"archeTypes": [
		{
			"label": "Fulfilment",
			"value": "Fulfilment"
		},
		{
			"label": "Consolidation",
			"value": "Consolidation"
		},
		{
			"label": "DeConsolidation",
			"value": "DeConsolidation"
		}
	],
	"regions": [
		{
			"label": "Asia Pacific Region",
			"value": "Asia Pacific Region"
		},
		{
			"label": "Europe Region",
			"value": "Europe Region"
		},
		{
			"label": "India, Middle East & Africa Region",
			"value": "India, Middle East & Africa Region"
		},
		{
			"label": "Latin America Region",
			"value": "Latin America Region"
		},
		{
			"label": "North America Region",
			"value": "North America Region"
		}
	],
	"areas": [
		{
			"label": "Central America, Andina, Caribbean",
			"value": "Central America, Andina, Caribbean"
		},
		{
			"label": "Central South Europe Area",
			"value": "Central South Europe Area"
		},
		{
			"label": "Central West Africa Area",
			"value": "Central West Africa Area"
		},
		{
			"label": "East Coast South America Area",
			"value": "East Coast South America Area"
		},
		{
			"label": "Eastern Africa Area",
			"value": "Eastern Africa Area"
		},
		{
			"label": "Eastern Europe Area",
			"value": "Eastern Europe Area"
		}
	]
}