[
   { "kpiName":"Outbound",
    "unitOfMeasure":"cbm", 
    "data": [
        {        
            "month":1,
            "value":230.56,            
            "year": 2012
        },
        {        
            "month":2,
            "value":220.56,            
            "year": 2012
        },
        {        
            "month":3,
            "value":110.56,            
            "year": 2012
        },
        {        
            "month":4,
            "value":110.56,            
            "year": 2012
        },
        {        
            "month":5,
            "value":206.56,            
            "year": 2012
        },
        {        
            "month":6,
            "value":105.56,            
            "year": 2012
        },
        {        
            "month":7,
            "value":110.56,            
            "year": 2012
        },
        {        
            "month":8,
            "value":110.56,            
            "year": 2012
        },
        {        
            "month":9,
            "value":null,            
            "year": 2012
        },
        {        
            "month":10,
            "value":320.56,            
            "year": 2012
        },
        {        
            "month":11,
            "value":440.56,            
            "year": 2012
        },
        {        
            "month":12,
            "value":550.56,            
            "year": 2012
        }
    ]},
    { "kpiName":"Throughput",
    "unitOfMeasure":"Kdm", 
    "data": [
        {        
            "month":1,
            "value":12.56,            
            "year": 2012
        },
        {        
            "month":2,
            "value":40.56,            
            "year": 2012
        },
        {        
            "month":3,
            "value":44.56,            
            "year": 2012
        },
        {        
            "month":4,
            "value":77.56,            
            "year": 2012
        },
        {        
            "month":5,
            "value":55.56,            
            "year": 2012
        },
        {        
            "month":6,
            "value":66.56,            
            "year": 2012
        },
        {        
            "month":7,
            "value":66.56,            
            "year": 2012
        },
        {        
            "month":8,
            "value":77.56,            
            "year": 2012
        },
        {        
            "month":9,
            "value":null,            
            "year": 2012
        },
        {        
            "month":10,
            "value":110.56,            
            "year": 2012
        },
        {        
            "month":11,
            "value":88.56,            
            "year": 2012
        },
        {        
            "month":12,
            "value":92.56,            
            "year": 2012
        }
    ]}
]
