[
  {
    "TimeLine": "2023-04-15T00:00:00",
    "ActualValue": 0.4,
    "ForcastValue": 0.42
  },
  {
    "TimeLine": "2023-04-16T00:00:00",
    "ActualValue": 0,
    "ForcastValue": 0.52
  },
  {
    "TimeLine": "2023-04-17T00:00:00",
    "ActualValue": 0.29,
    "ForcastValue": 0.41
  },
  {
    "TimeLine": "2023-04-18T00:00:00",
    "ActualValue": 0.4,
    "ForcastValue": 0.46
  },
  {
    "TimeLine": "2023-04-19T00:00:00",
    "ActualValue": 0.47,
    "ForcastValue": 0.29
  },
  {
    "TimeLine": "2023-04-20T00:00:00",
    "ActualValue": 0.43,
    "ForcastValue": 0.4
  },
  {
    "TimeLine": "2023-04-21T00:00:00",
    "ActualValue": 0.38,
    "ForcastValue": 0.56
  },
  {
    "TimeLine": "2023-04-22T00:00:00",
    "ActualValue": 0.47,
    "ForcastValue": 0.59
  },
  {
    "TimeLine": "2023-04-23T00:00:00",
    "ActualValue": 0,
    "ForcastValue": 0.54
  },
  {
    "TimeLine": "2023-04-24T00:00:00",
    "ActualValue": 0.39,
    "ForcastValue": 0.45
  },
  {
    "TimeLine": "2023-04-25T00:00:00",
    "ActualValue": 0,
    "ForcastValue": 0.56
  },
  {
    "TimeLine": "2023-04-26T00:00:00",
    "ActualValue": 0,
    "ForcastValue": 0.44
  },
  {
    "TimeLine": "2023-04-27T00:00:00",
    "ActualValue": 0,
    "ForcastValue": 0.59
  },
  {
    "TimeLine": "2023-04-28T00:00:00",
    "ActualValue": 0,
    "ForcastValue": 0.67
  },
  {
    "TimeLine": "2023-04-29T00:00:00",
    "ActualValue": 0,
    "ForcastValue": 0.56
  },
  {
    "TimeLine": "2023-04-30T00:00:00",
    "ActualValue": 0,
    "ForcastValue": 0.59
  }
]