[
  {
    "TimeLine": "2023-04-15T00:00:00",
    "ActualValue": 3589.26,
    "ForcastValue": 3585.17
  },
  {
    "TimeLine": "2023-04-16T00:00:00",
    "ActualValue": 0,
    "ForcastValue": 4990.14
  },
  {
    "TimeLine": "2023-04-17T00:00:00",
    "ActualValue": 2650.47,
    "ForcastValue": 3691.78
  },
  {
    "TimeLine": "2023-04-18T00:00:00",
    "ActualValue": 3630.99,
    "ForcastValue": 4356.13
  },
  {
    "TimeLine": "2023-04-19T00:00:00",
    "ActualValue": 4260.34,
    "ForcastValue": 2344.15
  },
  {
    "TimeLine": "2023-04-20T00:00:00",
    "ActualValue": 3848.95,
    "ForcastValue": 3954.51
  },
  {
    "TimeLine": "2023-04-21T00:00:00",
    "ActualValue": 3385.57,
    "ForcastValue": 6159.23
  },
  {
    "TimeLine": "2023-04-22T00:00:00",
    "ActualValue": 4206.58,
    "ForcastValue": 6557.99
  },
  {
    "TimeLine": "2023-04-23T00:00:00",
    "ActualValue": 0,
    "ForcastValue": 6480.91
  },
  {
    "TimeLine": "2023-04-24T00:00:00",
    "ActualValue": 3489.9,
    "ForcastValue": 5435.72
  },
  {
    "TimeLine": "2023-04-25T00:00:00",
    "ActualValue": 0,
    "ForcastValue": 2401.58
  },
  {
    "TimeLine": "2023-04-26T00:00:00",
    "ActualValue": 0,
    "ForcastValue": 2282.67
  },
  {
    "TimeLine": "2023-04-27T00:00:00",
    "ActualValue": 0,
    "ForcastValue": 6398.69
  },
  {
    "TimeLine": "2023-04-28T00:00:00",
    "ActualValue": 0,
    "ForcastValue": 6660.55
  },
  {
    "TimeLine": "2023-04-29T00:00:00",
    "ActualValue": 0,
    "ForcastValue": 5555.94
  },
  {
    "TimeLine": "2023-04-30T00:00:00",
    "ActualValue": 0,
    "ForcastValue": 5657.11
  }
]