{
    "category":"Outbound", 
    "kpiSummary": {
        "throughput":{
            "title":"Outbound Throughput",
            "value":2350.56,
            "unitOfMeasure ":"cbm",
            "deviation": -5
        },
        "manhours":{
            "title":"Outbound Manhours",
            "value":660706200,
            "unitOfMeasure":"Hours",
            "deviation": -5
        },
        "productivity":{
            "title":"Outbound Productivity",
            "value":10.18,
            "unitOfMeasure":"cbm / Manhour",
            "deviation": -5
        }
    }
}