[
    {
      "metricsGroupName": "Financial Performance",
      "metrics": [
        {
          "title": "Revenue",
          "subTitle": "",
          "month": "May",
          "year": "2023",
          "value": "337000000",
          "unit": "USD",
          "vsPreviousMonth": "-19.95%",
          "monthVsE": "9380000",
          "ytdA": "22378000",
          "ytdVsE": "123000000",
          "previousMonthsData": [
            {
              "month": "March",
              "value": "489000000"
            },
            {
              "month": "April",
              "value": "489000000"
            },
            {
              "month": "May",
              "value": "489000000"
            }
          ]
        }
      ]
    }
  ]