[
  {
      "siteName": "WND_UAE_Dubai South 1_(SM)",
      "siteID": "AE0009",
      "archetype": "Fulfilment",
      "siteAge": 5,
      "dataSource": "Facilities Portal (Monthly)",
      "lnsCustomers": 24,
      "wmsCustomers": 1,
      "doesSiteHaveAnomaly": false,
      "doesSiteHaveDQ": true
  },
  {
      "siteName": "WND_UAE_Dubai Moheibi_(3P)",
      "siteID": "AE0010",
      "archetype": "Fulfilment",
      "siteAge": 5,
      "dataSource": "LF (Weekly)",
      "lnsCustomers": 1,
      "wmsCustomers": 1,
      "doesSiteHaveAnomaly": false,
      "doesSiteHaveDQ": true
  },
  {
      "siteName": "WND_UAE_Ops outside FZ_(3P)",
      "siteID": "AE002",
      "archetype": "Fulfilment",
      "siteAge": 5,
      "dataSource": "Facilities Portal (Monthly)",
      "lnsCustomers": 48,
      "wmsCustomers": 1,
      "doesSiteHaveAnomaly": false,
      "doesSiteHaveDQ": true
  },
  {
      "siteName": "WND_UAE_Jafza 1_(SM)",
      "siteID": "AE006",
      "archetype": "Fulfilment",
      "siteAge": 5,
      "dataSource": "Facilities Portal (Monthly)",
      "lnsCustomers": 19,
      "wmsCustomers": 1,
      "doesSiteHaveAnomaly": false,
      "doesSiteHaveDQ": false
  },
  {
      "siteName": "WND_UAE_Jafza 1_(SM)",
      "siteID": "AE006",
      "archetype": "Fulfilment",
      "siteAge": 5,
      "dataSource": "Korber ONE (Daily)",
      "lnsCustomers": 19,
      "wmsCustomers": 6,
      "doesSiteHaveAnomaly": false,
      "doesSiteHaveDQ": false
  },
  {
      "siteName": "WND_OCE_SYDNEY WH_(SM)",
      "siteID": "AU001",
      "archetype": "Deconsolidation",
      "siteAge": 5,
      "dataSource": "Facilities Portal (Monthly)",
      "lnsCustomers": 20,
      "wmsCustomers": 1,
      "doesSiteHaveAnomaly": false,
      "doesSiteHaveDQ": true
  },
  {
      "siteName": "WND_OCE_Melb Interim Site Altona_(SM)",
      "siteID": "AU0012",
      "archetype": "Deconsolidation",
      "siteAge": 5,
      "dataSource": "Facilities Portal (Monthly)",
      "lnsCustomers": 2,
      "wmsCustomers": 1,
      "doesSiteHaveAnomaly": false,
      "doesSiteHaveDQ": true
  },
  {
      "siteName": "WND_OCE_Melb Interim Site Altona_(SM)",
      "siteID": "AU0012",
      "archetype": "Deconsolidation",
      "siteAge": 5,
      "dataSource": "LF (Weekly)",
      "lnsCustomers": 2,
      "wmsCustomers": 1,
      "doesSiteHaveAnomaly": false,
      "doesSiteHaveDQ": true
  },
  {
      "siteName": "WND_OCE_Marsden Park 2B_(SM)",
      "siteID": "AU0018",
      "archetype": "Fulfilment",
      "siteAge": 5,
      "dataSource": "LF (Weekly)",
      "lnsCustomers": 2,
      "wmsCustomers": 2,
      "doesSiteHaveAnomaly": false,
      "doesSiteHaveDQ": false
  },
  {
      "siteName": "WND_OCE_Marsden Park 2A_(SM)",
      "siteID": "AU0019",
      "archetype": "Fulfilment",
      "siteAge": 5,
      "dataSource": "LF (Weekly)",
      "lnsCustomers": 2,
      "wmsCustomers": 1,
      "doesSiteHaveAnomaly": false,
      "doesSiteHaveDQ": true
  },
  {
      "siteName": "WND_OCE_Melbourne Keilor Park_(SM)",
      "siteID": "AU002",
      "archetype": "Deconsolidation",
      "siteAge": 5,
      "dataSource": "Facilities Portal (Monthly)",
      "lnsCustomers": 13,
      "wmsCustomers": 1,
      "doesSiteHaveAnomaly": false,
      "doesSiteHaveDQ": true
  },
  {
      "siteName": "WND_OCE_Derrimut DC 3_(SM)",
      "siteID": "AU0020",
      "archetype": "Fulfilment",
      "siteAge": 5,
      "dataSource": "LF (Weekly)",
      "lnsCustomers": 2,
      "wmsCustomers": 1,
      "doesSiteHaveAnomaly": false,
      "doesSiteHaveDQ": false
  },
  {
      "siteName": "WND_NEC_Willebroek_(SM)",
      "siteID": "BE001",
      "archetype": "Deconsolidation",
      "siteAge": 5,
      "dataSource": "Facilities Portal (Monthly)",
      "lnsCustomers": 57,
      "wmsCustomers": 1,
      "doesSiteHaveAnomaly": false,
      "doesSiteHaveDQ": true
  },
  {
      "siteName": "WND_CWA_ORYX Benin PK10_(SM)",
      "siteID": "BJ003",
      "archetype": "Fulfilment",
      "siteAge": 5,
      "dataSource": "Facilities Portal (Monthly)",
      "lnsCustomers": 3,
      "wmsCustomers": 1,
      "doesSiteHaveAnomaly": false,
      "doesSiteHaveDQ": true
  },
  {
      "siteName": "WND_CWA_SEKANDJI_(SM)",
      "siteID": "BJ004",
      "archetype": "Consolidation",
      "siteAge": 5,
      "dataSource": "Facilities Portal (Monthly)",
      "lnsCustomers": 7,
      "wmsCustomers": 1,
      "doesSiteHaveAnomaly": false,
      "doesSiteHaveDQ": false
  },
  {
      "siteName": "WND_ESA_MANAUS Site I_(SM)",
      "siteID": "BR002",
      "archetype": "Deconsolidation",
      "siteAge": 5,
      "dataSource": "Facilities Portal (Monthly)",
      "lnsCustomers": 1,
      "wmsCustomers": 1,
      "doesSiteHaveAnomaly": false,
      "doesSiteHaveDQ": false
  }
]