{
  "data": {
    "negative": [
      {
        "archeType": "Fulfilment",
        "area": "Thailand Malaysia and Singapore Area",
        "rank": 1,
        "region": "Asia Pacific Region",
        "siteID": "SG0017",
        "siteName": "WND_TMS_Singapore Bukit Merah 1_(IH)"
      },
      {
        "archeType": "Fulfilment",
        "area": "Saudi Arabia Area",
        "rank": 2,
        "region": "West & Central Asia Region",
        "siteID": "SA002",
        "siteName": "WND_SAA_Jeddah 1_(SM)"
      },
      {
        "archeType": "Fulfilment",
        "area": "South West Europe Area",
        "rank": 3,
        "region": "Europe Region",
        "siteID": "ES0013",
        "siteName": "WND_SWE_Madrid Fulfilment_(SM)"
      },
      {
        "archeType": "Deconsolidation",
        "area": "North America Area",
        "rank": 4,
        "region": "North America Region",
        "siteID": "CA004",
        "siteName": "WND_NOA_BUILDING 70C: VAUGHAN_(IH)"
      },
      {
        "archeType": "Deconsolidation",
        "area": "South West Europe Area",
        "rank": 5,
        "region": "Europe Region",
        "siteID": "ES005",
        "siteName": "WND_SWE_Barcelona Flow_(SM)"
      },
      {
        "archeType": "Transportation",
        "area": "North America Area",
        "rank": 6,
        "region": "North America Region",
        "siteID": "US0909",
        "siteName": "TRN_NOA_B107 Middle Mile_(SM)"
      },
      {
        "archeType": "Fulfilment",
        "area": "Thailand Malaysia and Singapore Area",
        "rank": 7,
        "region": "Asia Pacific Region",
        "siteID": "MY0035",
        "siteName": "WND_TMS_Malaysia Phoenix Mega DC _(SM)"
      },
      {
        "archeType": "Transportation",
        "area": "Greater China Area",
        "rank": 8,
        "region": "Asia Pacific Region",
        "siteID": "CN0240",
        "siteName": "TRN_GCA_Shenzhen cross border_(SM)"
      },
      {
        "archeType": "Transportation",
        "area": "Greater China Area",
        "rank": 9,
        "region": "Asia Pacific Region",
        "siteID": "CN00101",
        "siteName": "TRN_GCA_Hainan _TMS_(3P)"
      },
      {
        "archeType": "SCM Consolidation",
        "area": "Pakistan Area",
        "rank": 10,
        "region": "West & Central Asia Region",
        "siteID": "PK0026",
        "siteName": "SCM_PAK_CFS-VII, FTPL 10K_(3P)"
      },
      {
        "archeType": "SCM Consolidation",
        "area": "Pakistan Area",
        "rank": 11,
        "region": "West & Central Asia Region",
        "siteID": "PK0025",
        "siteName": "SCM_PAK_CFS-VI, GN 53K_(SM)"
      },
      {
        "archeType": "Consolidation",
        "area": "Eastern Africa Area",
        "rank": 12,
        "region": "Africa Region",
        "siteID": "KE0014",
        "siteName": "WND_EAA_Tea Warehouse in Jomvu_(SM)"
      },
      {
        "archeType": "Consolidation",
        "area": "Indonesia and Philippines Area",
        "rank": 13,
        "region": "Asia Pacific Region",
        "siteID": "ID0056",
        "siteName": "WND_IDP_Consol Whs PT.PARKLAND_(3P)"
      },
      {
        "archeType": "Deconsolidation",
        "area": "Central West Africa Area",
        "rank": 14,
        "region": "Africa Region",
        "siteID": "BJ001",
        "siteName": "WND_CWA_MAGASIN EMABE_(SM)"
      },
      {
        "archeType": "Fulfilment",
        "area": "Eastern Africa Area",
        "rank": 15,
        "region": "Africa Region",
        "siteID": "KE002",
        "siteName": "WND_EAA_Mombasa - WFP KN_(3P)"
      },
      {
        "archeType": "Consolidation",
        "area": "Central West Africa Area",
        "rank": 16,
        "region": "Africa Region",
        "siteID": "CI001",
        "siteName": "WND_CWA_Marcom 1_(SM)"
      },
      {
        "archeType": "Maersk e-delivery",
        "area": "North Europe Continent Area",
        "rank": 17,
        "region": "Europe Region",
        "siteID": "PL0014",
        "siteName": "ECL_NEC_WH Poznan Pilot - Mango_(SM)"
      },
      {
        "archeType": "Transportation",
        "area": "Greater China Area",
        "rank": 18,
        "region": "Asia Pacific Region",
        "siteID": "CN00162",
        "siteName": "TRN_GCA_Fuzhou _TMS_(3P)"
      },
      {
        "archeType": "Transportation",
        "area": "North America Area",
        "rank": 19,
        "region": "North America Region",
        "siteID": "UST017",
        "siteName": "TRN_NOA_Savannah Transportation_(SM)"
      },
      {
        "archeType": "Deconsolidation",
        "area": "East Coast South America Area",
        "rank": 20,
        "region": "Latin America Region",
        "siteID": "BR003",
        "siteName": "WND_ESA_Sao Bernardo do Campo_(SM)"
      },
      {
        "archeType": "Fulfilment",
        "area": "Pakistan Area",
        "rank": 21,
        "region": "West & Central Asia Region",
        "siteID": "PK005",
        "siteName": "WND_PAK_Karachi-FQW_(3P)"
      },
      {
        "archeType": "Fulfilment",
        "area": "North America Area",
        "rank": 22,
        "region": "North America Region",
        "siteID": "US0901",
        "siteName": "WND_NOA_THD Storage Fife_(SM)"
      },
      {
        "archeType": "Fulfilment",
        "area": "Thailand Malaysia and Singapore Area",
        "rank": 23,
        "region": "Asia Pacific Region",
        "siteID": "SG0023",
        "siteName": "WND_TMS_93 Tuas Bay Drive_(3P)"
      },
      {
        "archeType": "Fulfilment",
        "area": "Greater China Area",
        "rank": 24,
        "region": "Asia Pacific Region",
        "siteID": "CN0201",
        "siteName": "WND_GCA_Xiamen DC_(3P)"
      },
      {
        "archeType": "Consolidation",
        "area": "Greater China Area",
        "rank": 25,
        "region": "Asia Pacific Region",
        "siteID": "CN0085",
        "siteName": "WND_GCA_Hainan DC_(3P)"
      },
      {
        "archeType": "Fulfilment",
        "area": "Thailand Malaysia and Singapore Area",
        "rank": 26,
        "region": "Asia Pacific Region",
        "siteID": "MY002",
        "siteName": "WND_TMS_SX 15 - PKFZ WAREHOUSE_(SM)"
      },
      {
        "archeType": "Fulfilment",
        "area": "West Coast South America Area",
        "rank": 27,
        "region": "Latin America Region",
        "siteID": "PE01IS",
        "siteName": "WND_WSA_Villa El Salvador/Electro_(SM)"
      },
      {
        "archeType": "Deconsolidation",
        "area": "Central West Africa Area",
        "rank": 28,
        "region": "Africa Region",
        "siteID": "TG001",
        "siteName": "WND_CWA_MAGASIN SORETRAP_(SM)"
      },
      {
        "archeType": "Consolidation",
        "area": "Central West Africa Area",
        "rank": 29,
        "region": "Africa Region",
        "siteID": "BJ004",
        "siteName": "WND_CWA_SEKANDJI_(SM)"
      },
      {
        "archeType": "Fulfilment",
        "area": "India and Bangladesh Area",
        "rank": 30,
        "region": "West & Central Asia Region",
        "siteID": "IN0156",
        "siteName": "WND_IBS_Chennai-Wanhua_(3P)"
      },
      {
        "archeType": "Transportation",
        "area": "Greater China Area",
        "rank": 31,
        "region": "Asia Pacific Region",
        "siteID": "CN0099",
        "siteName": "TRN_GCA_Kunshan Cust 8 TMS_(3P)"
      },
      {
        "archeType": "Consolidation",
        "area": "Eastern Africa Area",
        "rank": 32,
        "region": "Africa Region",
        "siteID": "KE006",
        "siteName": "WND_EAA_BONJE CONSOLIDATION_(SM)"
      },
      {
        "archeType": "Air",
        "area": "North America Area",
        "rank": 33,
        "region": "North America Region",
        "siteID": "US889",
        "siteName": "AIR_NOA_Building 217: Compton_(SM)"
      },
      {
        "archeType": "Fulfilment",
        "area": "India and Bangladesh Area",
        "rank": 34,
        "region": "West & Central Asia Region",
        "siteID": "IN0155",
        "siteName": "WND_IBS_ P Harsha_(SM)"
      },
      {
        "archeType": "Fulfilment",
        "area": "Greater China Area",
        "rank": 35,
        "region": "Asia Pacific Region",
        "siteID": "TW0009",
        "siteName": "WND_GCA_Taoyuan SY1 TASite1 _(SM)"
      },
      {
        "archeType": "Fulfilment",
        "area": "Thailand Malaysia and Singapore Area",
        "rank": 36,
        "region": "Asia Pacific Region",
        "siteID": "SG0024",
        "siteName": "WND_TMS_8 Admirax_(SM)"
      },
      {
        "archeType": "Fulfilment",
        "area": "Central West Africa Area",
        "rank": 37,
        "region": "Africa Region",
        "siteID": "BJ003",
        "siteName": "WND_CWA_ORYX Benin PK10_(SM)"
      },
      {
        "archeType": "Fulfilment",
        "area": "Pakistan Area",
        "rank": 38,
        "region": "West & Central Asia Region",
        "siteID": "PK0050",
        "siteName": "WND_PAK_Sahiwal PMI_(SM)"
      },
      {
        "archeType": "Fulfilment",
        "area": "North East Asia Area",
        "rank": 39,
        "region": "Asia Pacific Region",
        "siteID": "JP0013",
        "siteName": "WND_NEA_Ichikawa ESR1_(SM)"
      },
      {
        "archeType": "Transportation",
        "area": "Greater China Area",
        "rank": 40,
        "region": "Asia Pacific Region",
        "siteID": "CN0089",
        "siteName": "TRN_GCA_Tianjin _TMS_(3P)"
      },
      {
        "archeType": "Consolidation",
        "area": "North East Asia Area",
        "rank": 41,
        "region": "Asia Pacific Region",
        "siteID": "JP002",
        "siteName": "WND_NEA_KOBE CFS_(3P)"
      },
      {
        "archeType": "Consolidation",
        "area": "Central West Africa Area",
        "rank": 42,
        "region": "Africa Region",
        "siteID": "CI0010",
        "siteName": "WND_CWA_San Pedro 2022 expansion_(SM)"
      },
      {
        "archeType": "Deconsolidation",
        "area": "North Europe Continent Area",
        "rank": 43,
        "region": "Europe Region",
        "siteID": "PL002",
        "siteName": "WND_NEC_Gdansk Decon_(SM)"
      },
      {
        "archeType": "Transportation",
        "area": "Indonesia and Philippines Area",
        "rank": 44,
        "region": "Asia Pacific Region",
        "siteID": "PH0090",
        "siteName": "TRN_IDP_Cainta TM5 Philippines_(SM)"
      },
      {
        "archeType": "Consolidation",
        "area": "Saudi Arabia Area",
        "rank": 45,
        "region": "West & Central Asia Region",
        "siteID": "SA003",
        "siteName": "WND_SAA_Jeddah-KAP 1_(SM)"
      },
      {
        "archeType": "Fulfilment",
        "area": "Pakistan Area",
        "rank": 46,
        "region": "West & Central Asia Region",
        "siteID": "PK002",
        "siteName": "WND_PAK_Karachi-UNICEF_(SM)"
      },
      {
        "archeType": "Transportation",
        "area": "North America Area",
        "rank": 47,
        "region": "North America Region",
        "siteID": "UST092P",
        "siteName": "TRN_NOA_B92:TJX Long Island Trnsp_(SM)"
      },
      {
        "archeType": "Deconsolidation",
        "area": "North America Area",
        "rank": 48,
        "region": "North America Region",
        "siteID": "US017P",
        "siteName": "WND_NOA_B17: Kohls Transload_(SM)"
      },
      {
        "archeType": "Consolidation",
        "area": "Caribbean Sea Area",
        "rank": 49,
        "region": "Latin America Region",
        "siteID": "DO0003",
        "siteName": "WND_CAR_Consol. Center Gildan_(3P)"
      },
      {
        "archeType": "Fulfilment",
        "area": "North East Asia Area",
        "rank": 50,
        "region": "Asia Pacific Region",
        "siteID": "KR0007",
        "siteName": "WND_NEA_Icheon DC2_(SM)"
      }
    ],
    "positive": [{
      "archeType": "Fulfilment",
      "area": "North East Asia Area",
      "rank": 50,
      "region": "Asia Pacific Region",
      "siteID": "KR0007",
      "siteName": "WND_NEA_Icheon DC2_(SM)"
    }]
  },
  "kpiName": "Revenue",
  "month": "March",
  "year": "2023"
}