[
  {
      "id": "0.0",
      "parent": "",
      "name": "391 out of 468 sites"
  },
  {
      "id": "1.0",
      "parent": "0.0",
      "name": "Fulfilment"
  },
  {
      "id": "2.0",
      "parent": "1.0",
      "name": "India, Middle East, and Africa"
  },
  {
      "id": "3.0",
      "parent": "2.0",
      "name": "Saudi Arabia Area",
      "value": 4
  },
  {
      "id": "3.1",
      "parent": "2.0",
      "name": "India and Bangladesh Area",
      "value": 18
  },
  {
      "id": "3.2",
      "parent": "2.0",
      "name": "Pakistan Area",
      "value": 10
  },
  {
      "id": "3.3",
      "parent": "2.0",
      "name": "Northern West Africa Area",
      "value": 9
  },
  {
      "id": "3.4",
      "parent": "2.0",
      "name": "Eastern Africa Area",
      "value": 6
  },
  {
      "id": "3.5",
      "parent": "2.0",
      "name": "United Arab Emirates Area",
      "value": 4
  },
  {
      "id": "3.6",
      "parent": "2.0",
      "name": "Southern Africa and Islands Area",
      "value": 4
  },
  {
      "id": "3.7",
      "parent": "2.0",
      "name": "Central West Africa Area",
      "value": 2
  },
  {
      "id": "3.8",
      "parent": "2.0",
      "name": "Southern West Africa Area",
      "value": 2
  },
  {
      "id": "2.1",
      "parent": "1.0",
      "name": "Asia Pacific Region"
  },
  {
      "id": "3.9",
      "parent": "2.1",
      "name": "South-East Asia Area",
      "value": 54
  },
  {
      "id": "3.10",
      "parent": "2.1",
      "name": "North East Asia Area",
      "value": 11
  },
  {
      "id": "3.11",
      "parent": "2.1",
      "name": "Greater China Area",
      "value": 60
  },
  {
      "id": "3.12",
      "parent": "2.1",
      "name": "Mekong Area",
      "value": 28
  },
  {
      "id": "3.13",
      "parent": "2.1",
      "name": "Oceania Area",
      "value": 4
  },
  {
      "id": "2.2",
      "parent": "1.0",
      "name": "Europe Region"
  },
  {
      "id": "3.14",
      "parent": "2.2",
      "name": "South West Europe Area",
      "value": 1
  },
  {
      "id": "3.15",
      "parent": "2.2",
      "name": "Nordic Area",
      "value": 1
  },
  {
      "id": "3.16",
      "parent": "2.2",
      "name": "North Europe Continent Area",
      "value": 3
  },
  {
      "id": "3.17",
      "parent": "2.2",
      "name": "Central South Europe Area",
      "value": 5
  },
  {
      "id": "3.18",
      "parent": "2.2",
      "name": "United Kingdom and Ireland Area",
      "value": 2
  },
  {
      "id": "3.19",
      "parent": "2.2",
      "name": "Eastern Mediterranean Area",
      "value": 2
  },
  {
      "id": "2.3",
      "parent": "1.0",
      "name": "North America Region"
  },
  {
      "id": "3.20",
      "parent": "2.3",
      "name": "North America Area",
      "value": 34
  },
  {
      "id": "2.4",
      "parent": "1.0",
      "name": "Latin America Region"
  },
  {
      "id": "3.21",
      "parent": "2.4",
      "name": "West Coast South America Area",
      "value": 7
  },
  {
      "id": "3.22",
      "parent": "2.4",
      "name": "East Coast South America Area",
      "value": 2
  },
  {
      "id": "3.23",
      "parent": "2.4",
      "name": "Central America, Andina, Caribbean",
      "value": 2
  },
  {
      "id": "1.1",
      "parent": "0.0",
      "name": "Deconsolidation"
  },
  {
      "id": "2.5",
      "parent": "1.1",
      "name": "North America Region"
  },
  {
      "id": "3.24",
      "parent": "2.5",
      "name": "North America Area",
      "value": 25
  },
  {
      "id": "2.6",
      "parent": "1.1",
      "name": "Europe Region"
  },
  {
      "id": "3.25",
      "parent": "2.6",
      "name": "North Europe Continent Area",
      "value": 12
  },
  {
      "id": "3.26",
      "parent": "2.6",
      "name": "South West Europe Area",
      "value": 1
  },
  {
      "id": "3.27",
      "parent": "2.6",
      "name": "Central South Europe Area",
      "value": 1
  },
  {
      "id": "3.28",
      "parent": "2.6",
      "name": "Eastern Mediterranean Area",
      "value": 1
  },
  {
      "id": "2.7",
      "parent": "1.1",
      "name": "India, Middle East, and Africa"
  },
  {
      "id": "3.29",
      "parent": "2.7",
      "name": "Southern Africa and Islands Area",
      "value": 7
  },
  {
      "id": "3.30",
      "parent": "2.7",
      "name": "Central West Africa Area",
      "value": 2
  },
  {
      "id": "3.31",
      "parent": "2.7",
      "name": "India and Bangladesh Area",
      "value": 1
  },
  {
      "id": "2.8",
      "parent": "1.1",
      "name": "Asia Pacific Region"
  },
  {
      "id": "3.32",
      "parent": "2.8",
      "name": "Oceania Area",
      "value": 2
  },
  {
      "id": "3.33",
      "parent": "2.8",
      "name": "Greater China Area",
      "value": 1
  },
  {
      "id": "2.9",
      "parent": "1.1",
      "name": "Latin America Region"
  },
  {
      "id": "3.34",
      "parent": "2.9",
      "name": "East Coast South America Area",
      "value": 2
  },
  {
      "id": "3.35",
      "parent": "2.9",
      "name": "West Coast South America Area",
      "value": 3
  },
  {
      "id": "3.36",
      "parent": "2.9",
      "name": "Central America, Andina, Caribbean",
      "value": 2
  },
  {
      "id": "1.2",
      "parent": "0.0",
      "name": "Consolidation"
  },
  {
      "id": "2.10",
      "parent": "1.2",
      "name": "Asia Pacific Region"
  },
  {
      "id": "3.37",
      "parent": "2.10",
      "name": "Greater China Area",
      "value": 13
  },
  {
      "id": "3.38",
      "parent": "2.10",
      "name": "North East Asia Area",
      "value": 6
  },
  {
      "id": "3.39",
      "parent": "2.10",
      "name": "Mekong Area",
      "value": 10
  },
  {
      "id": "3.40",
      "parent": "2.10",
      "name": "South-East Asia Area",
      "value": 5
  },
  {
      "id": "2.11",
      "parent": "1.2",
      "name": "Latin America Region"
  },
  {
      "id": "3.41",
      "parent": "2.11",
      "name": "West Coast South America Area",
      "value": 2
  },
  {
      "id": "3.42",
      "parent": "2.11",
      "name": "Central America, Andina, Caribbean",
      "value": 1
  },
  {
      "id": "2.12",
      "parent": "1.2",
      "name": "India, Middle East, and Africa"
  },
  {
      "id": "3.43",
      "parent": "2.12",
      "name": "Eastern Africa Area",
      "value": 3
  },
  {
      "id": "3.44",
      "parent": "2.12",
      "name": "Central West Africa Area",
      "value": 8
  },
  {
      "id": "3.45",
      "parent": "2.12",
      "name": "Saudi Arabia Area",
      "value": 2
  },
  {
      "id": "3.46",
      "parent": "2.12",
      "name": "Pakistan Area",
      "value": 2
  },
  {
      "id": "3.47",
      "parent": "2.12",
      "name": "India and Bangladesh Area",
      "value": 1
  },
  {
      "id": "2.13",
      "parent": "1.2",
      "name": "Europe Region"
  },
  {
      "id": "3.48",
      "parent": "2.13",
      "name": "North Europe Continent Area",
      "value": 1
  },
  {
      "id": "3.49",
      "parent": "2.13",
      "name": "Eastern Mediterranean Area",
      "value": 2
  }
]