{
  "siteDetails": {
  "name": "WND_VCM_Starlight C3_(SM)",
  "id": "MM001",
  "archetype": "Consolidation",
  "region": "Asia Pacific Region",
  "area": "Vietnam Cambodia and Myanmar Area",
  "managerName": null,
  "managerEmail": "htunwin.hlaing@maersk.com"
  },
  "kpiEffectedby": [
  {
  "kpiName": "Unsold Space",
  "actualValue": 46.12,
  "contribution": -42.62,
  "unitOfMeasure": "%"
  },
  {
  "kpiName": "Pallet Utilization",
  "actualValue": 0.31,
  "contribution": 1.09,
  "unitOfMeasure": "%"
  },
  {
  "kpiName": "Inbound Throughput",
  "actualValue": 13085,
  "contribution": 5.18,
  "unitOfMeasure": "%"
  },
  {
  "kpiName": "Outbound Throughput",
  "actualValue": 15623,
  "contribution": -6.44,
  "unitOfMeasure": "%"
  },
  {
  "kpiName": "Total Manhours",
  "actualValue": 12682,
  "contribution": -5.82,
  "unitOfMeasure": "%"
  },
  {
  "kpiName": "Building Productivity",
  "actualValue": 2.26,
  "contribution": -23.05,
  "unitOfMeasure": "CBM/Manhour"
  },
  {
  "kpiName": "Inbound Productivity",
  "actualValue": 4.59,
  "contribution": -10.97,
  "unitOfMeasure": "CBM/Manhour"
  },
  {
  "kpiName": "Outbound Productivity",
  "actualValue": 4.53,
  "contribution": -17.37,
  "unitOfMeasure": "CBM/Manhour"
  }
  ],
  "modelAccuracy": 92.08,
  "actualKPIValue": 32.52
  }
