[
	{
	  "siteid": "nsh01",
	  "siteName": null,
	  "region": null,
	  "area": null,
	  "label": null,
	  "value": "nsh01"
	},
	{
	  "siteid": "as01",
	  "siteName": null,
	  "region": null,
	  "area": null,
	  "label": null,
	  "value": "as01"
	},
	{
	  "siteid": "mdd",
	  "siteName": null,
	  "region": null,
	  "area": null,
	  "label": null,
	  "value": "mdd"
	},
	{
	  "siteid": "4",
	  "siteName": null,
	  "region": null,
	  "area": null,
	  "label": null,
	  "value": "4"
	},
	{
	  "siteid": "bz003",
	  "siteName": null,
	  "region": null,
	  "area": null,
	  "label": null,
	  "value": "bz003"
	},
	{
	  "siteid": "51b1a",
	  "siteName": null,
	  "region": null,
	  "area": null,
	  "label": null,
	  "value": "51b1a"
	},
	{
	  "siteid": "129",
	  "siteName": null,
	  "region": null,
	  "area": null,
	  "label": null,
	  "value": "129"
	},
	{
	  "siteid": "bnw02",
	  "siteName": null,
	  "region": null,
	  "area": null,
	  "label": null,
	  "value": "bnw02"
	},
	{
	  "siteid": "none",
	  "siteName": null,
	  "region": null,
	  "area": null,
	  "label": null,
	  "value": "none"
	},
	{
	  "siteid": "5191",
	  "siteName": null,
	  "region": null,
	  "area": null,
	  "label": null,
	  "value": "5191"
	},
	{
	  "siteid": "qhw12",
	  "siteName": null,
	  "region": null,
	  "area": null,
	  "label": null,
	  "value": "qhw12"
	},
	{
	  "siteid": "ex3",
	  "siteName": null,
	  "region": null,
	  "area": null,
	  "label": null,
	  "value": "ex3"
	},
	{
	  "siteid": "costa",
	  "siteName": null,
	  "region": null,
	  "area": null,
	  "label": null,
	  "value": "costa"
	},
	{
	  "siteid": "4607",
	  "siteName": null,
	  "region": null,
	  "area": null,
	  "label": null,
	  "value": "4607"
	},
	{
	  "siteid": "bts04",
	  "siteName": null,
	  "region": null,
	  "area": null,
	  "label": null,
	  "value": "bts04"
	},
	{
	  "siteid": "cd05",
	  "siteName": null,
	  "region": null,
	  "area": null,
	  "label": null,
	  "value": "cd05"
	},
	{
	  "siteid": "dw",
	  "siteName": null,
	  "region": null,
	  "area": null,
	  "label": null,
	  "value": "dw"
	},
	{
	  "siteid": "f9",
	  "siteName": null,
	  "region": null,
	  "area": null,
	  "label": null,
	  "value": "f9"
	},
	{
	  "siteid": "3605",
	  "siteName": null,
	  "region": null,
	  "area": null,
	  "label": null,
	  "value": "3605"
	},
	{
	  "siteid": "pl01",
	  "siteName": null,
	  "region": null,
	  "area": null,
	  "label": null,
	  "value": "pl01"
	},
	{
	  "siteid": "TH002",
	  "siteName": "WND_TMS_Sahathai_(SM)",
	  "region": "Asia Pacific Region",
	  "area": "Mekong Area",
	  "label": "WND_TMS_Sahathai_(SM)",
	  "value": "TH002"
	},
	{
	  "siteid": "rc01",
	  "siteName": null,
	  "region": null,
	  "area": null,
	  "label": null,
	  "value": "rc01"
	},
	{
	  "siteid": "rcdum",
	  "siteName": null,
	  "region": null,
	  "area": null,
	  "label": null,
	  "value": "rcdum"
	},
	{
	  "siteid": "cdr09",
	  "siteName": null,
	  "region": null,
	  "area": null,
	  "label": null,
	  "value": "cdr09"
	},
	{
	  "siteid": "wh01",
	  "siteName": null,
	  "region": null,
	  "area": null,
	  "label": null,
	  "value": "wh01"
	},
	{
	  "siteid": "p201",
	  "siteName": null,
	  "region": null,
	  "area": null,
	  "label": null,
	  "value": "p201"
	},
	{
	  "siteid": "wjb3",
	  "siteName": null,
	  "region": null,
	  "area": null,
	  "label": null,
	  "value": "wjb3"
	},
	{
	  "siteid": "hy11",
	  "siteName": null,
	  "region": null,
	  "area": null,
	  "label": null,
	  "value": "hy11"
	},
	{
	  "siteid": "43",
	  "siteName": null,
	  "region": null,
	  "area": null,
	  "label": null,
	  "value": "43"
	},
	{
	  "siteid": "bs16",
	  "siteName": null,
	  "region": null,
	  "area": null,
	  "label": null,
	  "value": "bs16"
	},
	{
	  "siteid": "cdc2",
	  "siteName": null,
	  "region": null,
	  "area": null,
	  "label": null,
	  "value": "cdc2"
	},
	{
	  "siteid": "gtr01",
	  "siteName": null,
	  "region": null,
	  "area": null,
	  "label": null,
	  "value": "gtr01"
	},
	{
	  "siteid": "pm108",
	  "siteName": null,
	  "region": null,
	  "area": null,
	  "label": null,
	  "value": "pm108"
	},
	{
	  "siteid": "mlk04",
	  "siteName": null,
	  "region": null,
	  "area": null,
	  "label": null,
	  "value": "mlk04"
	},
	{
	  "siteid": "VN005",
	  "siteName": "WND_VCM_Mapletree Bac Ninh (MPT16_(SM)",
	  "region": "Asia Pacific Region",
	  "area": "Mekong Area",
	  "label": "WND_VCM_Mapletree Bac Ninh (MPT16_(SM)",
	  "value": "VN005"
	},
	{
	  "siteid": "dfo13",
	  "siteName": null,
	  "region": null,
	  "area": null,
	  "label": null,
	  "value": "dfo13"
	},
	{
	  "siteid": "ilo01",
	  "siteName": null,
	  "region": null,
	  "area": null,
	  "label": null,
	  "value": "ilo01"
	},
	{
	  "siteid": "qhw24",
	  "siteName": null,
	  "region": null,
	  "area": null,
	  "label": null,
	  "value": "qhw24"
	},
	{
	  "siteid": "cm",
	  "siteName": null,
	  "region": null,
	  "area": null,
	  "label": null,
	  "value": "cm"
	},
	{
	  "siteid": "pm110",
	  "siteName": null,
	  "region": null,
	  "area": null,
	  "label": null,
	  "value": "pm110"
	},
	{
	  "siteid": "lkdco",
	  "siteName": null,
	  "region": null,
	  "area": null,
	  "label": null,
	  "value": "lkdco"
	},
	{
	  "siteid": "13001",
	  "siteName": null,
	  "region": null,
	  "area": null,
	  "label": null,
	  "value": "13001"
	},
	{
	  "siteid": "5199",
	  "siteName": null,
	  "region": null,
	  "area": null,
	  "label": null,
	  "value": "5199"
	},
	{
	  "siteid": "hm3",
	  "siteName": null,
	  "region": null,
	  "area": null,
	  "label": null,
	  "value": "hm3"
	},
	{
	  "siteid": "fab6d",
	  "siteName": null,
	  "region": null,
	  "area": null,
	  "label": null,
	  "value": "fab6d"
	},
	{
	  "siteid": "dummy",
	  "siteName": null,
	  "region": null,
	  "area": null,
	  "label": null,
	  "value": "dummy"
	},
	{
	  "siteid": "fg",
	  "siteName": null,
	  "region": null,
	  "area": null,
	  "label": null,
	  "value": "fg"
	},
	{
	  "siteid": "cdp12",
	  "siteName": null,
	  "region": null,
	  "area": null,
	  "label": null,
	  "value": "cdp12"
	},
	{
	  "siteid": "yp08",
	  "siteName": null,
	  "region": null,
	  "area": null,
	  "label": null,
	  "value": "yp08"
	},
	{
	  "siteid": "mjnor",
	  "siteName": null,
	  "region": null,
	  "area": null,
	  "label": null,
	  "value": "mjnor"
	},
	{
	  "siteid": "KH001",
	  "siteName": "WND_VCM_Teng Lay_(SM)",
	  "region": "Asia Pacific Region",
	  "area": "Mekong Area",
	  "label": "WND_VCM_Teng Lay_(SM)",
	  "value": "KH001"
	},
	{
	  "siteid": "dtr02",
	  "siteName": null,
	  "region": null,
	  "area": null,
	  "label": null,
	  "value": "dtr02"
	},
	{
	  "siteid": "647a",
	  "siteName": null,
	  "region": null,
	  "area": null,
	  "label": null,
	  "value": "647a"
	},
	{
	  "siteid": "ex6",
	  "siteName": null,
	  "region": null,
	  "area": null,
	  "label": null,
	  "value": "ex6"
	},
	{
	  "siteid": "cebdm",
	  "siteName": null,
	  "region": null,
	  "area": null,
	  "label": null,
	  "value": "cebdm"
	},
	{
	  "siteid": "128c",
	  "siteName": null,
	  "region": null,
	  "area": null,
	  "label": null,
	  "value": "128c"
	},
	{
	  "siteid": "ly13",
	  "siteName": null,
	  "region": null,
	  "area": null,
	  "label": null,
	  "value": "ly13"
	},
	{
	  "siteid": "128l",
	  "siteName": null,
	  "region": null,
	  "area": null,
	  "label": null,
	  "value": "128l"
	},
	{
	  "siteid": "hmcos",
	  "siteName": null,
	  "region": null,
	  "area": null,
	  "label": null,
	  "value": "hmcos"
	},
	{
	  "siteid": "MY001",
	  "siteName": "WND_TMS_Axeis Reit - TPP WHS_(SM)",
	  "region": "Asia Pacific Region",
	  "area": "South-East Asia Area",
	  "label": "WND_TMS_Axeis Reit - TPP WHS_(SM)",
	  "value": "MY001"
	},
	{
	  "siteid": "125r",
	  "siteName": null,
	  "region": null,
	  "area": null,
	  "label": null,
	  "value": "125r"
	},
	{
	  "siteid": "1641",
	  "siteName": null,
	  "region": null,
	  "area": null,
	  "label": null,
	  "value": "1641"
	},
	{
	  "siteid": "afl12",
	  "siteName": null,
	  "region": null,
	  "area": null,
	  "label": null,
	  "value": "afl12"
	},
	{
	  "siteid": "cdswf",
	  "siteName": null,
	  "region": null,
	  "area": null,
	  "label": null,
	  "value": "cdswf"
	},
	{
	  "siteid": "sasa",
	  "siteName": null,
	  "region": null,
	  "area": null,
	  "label": null,
	  "value": "sasa"
	},
	{
	  "siteid": "MY005",
	  "siteName": "WND_TMS_Maple Tree_(SM)",
	  "region": "Asia Pacific Region",
	  "area": "South-East Asia Area",
	  "label": "WND_TMS_Maple Tree_(SM)",
	  "value": "MY005"
	},
	{
	  "siteid": "mnd3c",
	  "siteName": null,
	  "region": null,
	  "area": null,
	  "label": null,
	  "value": "mnd3c"
	},
	{
	  "siteid": "SN008",
	  "siteName": "WND_NWA_Beneix 1_(SM)",
	  "region": "India, Middle East & Africa Region",
	  "area": "Northern West Africa Area",
	  "label": "WND_NWA_Beneix 1_(SM)",
	  "value": "SN008"
	},
	{
	  "siteid": "sun01",
	  "siteName": null,
	  "region": null,
	  "area": null,
	  "label": null,
	  "value": "sun01"
	},
	{
	  "siteid": "cdly",
	  "siteName": null,
	  "region": null,
	  "area": null,
	  "label": null,
	  "value": "cdly"
	},
	{
	  "siteid": "tam",
	  "siteName": null,
	  "region": null,
	  "area": null,
	  "label": null,
	  "value": "tam"
	},
	{
	  "siteid": "ex5",
	  "siteName": null,
	  "region": null,
	  "area": null,
	  "label": null,
	  "value": "ex5"
	},
	{
	  "siteid": "b1ec",
	  "siteName": null,
	  "region": null,
	  "area": null,
	  "label": null,
	  "value": "b1ec"
	},
	{
	  "siteid": "1686",
	  "siteName": null,
	  "region": null,
	  "area": null,
	  "label": null,
	  "value": "1686"
	},
	{
	  "siteid": "ypcn1",
	  "siteName": null,
	  "region": null,
	  "area": null,
	  "label": null,
	  "value": "ypcn1"
	},
	{
	  "siteid": "qp00d",
	  "siteName": null,
	  "region": null,
	  "area": null,
	  "label": null,
	  "value": "qp00d"
	},
	{
	  "siteid": "honma",
	  "siteName": null,
	  "region": null,
	  "area": null,
	  "label": null,
	  "value": "honma"
	},
	{
	  "siteid": "df",
	  "siteName": null,
	  "region": null,
	  "area": null,
	  "label": null,
	  "value": "df"
	},
	{
	  "siteid": "cgy02",
	  "siteName": null,
	  "region": null,
	  "area": null,
	  "label": null,
	  "value": "cgy02"
	},
	{
	  "siteid": "AE006",
	  "siteName": "WND_UAE_Jafza 1_(SM)",
	  "region": "India, Middle East & Africa Region",
	  "area": "United Arab Emirates Area",
	  "label": "WND_UAE_Jafza 1_(SM)",
	  "value": "AE006"
	},
	{
	  "siteid": "edp",
	  "siteName": null,
	  "region": null,
	  "area": null,
	  "label": null,
	  "value": "edp"
	},
	{
	  "siteid": "1811",
	  "siteName": null,
	  "region": null,
	  "area": null,
	  "label": null,
	  "value": "1811"
	},
	{
	  "siteid": "619",
	  "siteName": null,
	  "region": null,
	  "area": null,
	  "label": null,
	  "value": "619"
	},
	{
	  "siteid": "pm15",
	  "siteName": null,
	  "region": null,
	  "area": null,
	  "label": null,
	  "value": "pm15"
	},
	{
	  "siteid": "4623",
	  "siteName": null,
	  "region": null,
	  "area": null,
	  "label": null,
	  "value": "4623"
	},
	{
	  "siteid": "1103",
	  "siteName": null,
	  "region": null,
	  "area": null,
	  "label": null,
	  "value": "1103"
	},
	{
	  "siteid": "1163",
	  "siteName": null,
	  "region": null,
	  "area": null,
	  "label": null,
	  "value": "1163"
	},
	{
	  "siteid": "ad",
	  "siteName": null,
	  "region": null,
	  "area": null,
	  "label": null,
	  "value": "ad"
	},
	{
	  "siteid": "6301",
	  "siteName": null,
	  "region": null,
	  "area": null,
	  "label": null,
	  "value": "6301"
	},
	{
	  "siteid": "4602",
	  "siteName": null,
	  "region": null,
	  "area": null,
	  "label": null,
	  "value": "4602"
	},
	{
	  "siteid": "tuas",
	  "siteName": null,
	  "region": null,
	  "area": null,
	  "label": null,
	  "value": "tuas"
	},
	{
	  "siteid": "gz07t",
	  "siteName": null,
	  "region": null,
	  "area": null,
	  "label": null,
	  "value": "gz07t"
	},
	{
	  "siteid": "cdr07",
	  "siteName": null,
	  "region": null,
	  "area": null,
	  "label": null,
	  "value": "cdr07"
	},
	{
	  "siteid": "nkkr2",
	  "siteName": null,
	  "region": null,
	  "area": null,
	  "label": null,
	  "value": "nkkr2"
	},
	{
	  "siteid": "3106",
	  "siteName": null,
	  "region": null,
	  "area": null,
	  "label": null,
	  "value": "3106"
	},
	{
	  "siteid": "51a1p",
	  "siteName": null,
	  "region": null,
	  "area": null,
	  "label": null,
	  "value": "51a1p"
	},
	{
	  "siteid": "dav01",
	  "siteName": null,
	  "region": null,
	  "area": null,
	  "label": null,
	  "value": "dav01"
	},
	{
	  "siteid": "qhw32",
	  "siteName": null,
	  "region": null,
	  "area": null,
	  "label": null,
	  "value": "qhw32"
	},
	{
	  "siteid": "ex2",
	  "siteName": null,
	  "region": null,
	  "area": null,
	  "label": null,
	  "value": "ex2"
	},
	{
	  "siteid": "pm107",
	  "siteName": null,
	  "region": null,
	  "area": null,
	  "label": null,
	  "value": "pm107"
	},
	{
	  "siteid": "kdc2",
	  "siteName": null,
	  "region": null,
	  "area": null,
	  "label": null,
	  "value": "kdc2"
	},
	{
	  "siteid": "ph50",
	  "siteName": null,
	  "region": null,
	  "area": null,
	  "label": null,
	  "value": "ph50"
	},
	{
	  "siteid": "cdofg",
	  "siteName": null,
	  "region": null,
	  "area": null,
	  "label": null,
	  "value": "cdofg"
	},
	{
	  "siteid": "CN0060",
	  "siteName": "SCM_GCA_Singmas Xiamen_(3P)",
	  "region": "Asia Pacific Region",
	  "area": "Greater China Area",
	  "label": "SCM_GCA_Singmas Xiamen_(3P)",
	  "value": "CN0060"
	},
	{
	  "siteid": "ID0020",
	  "siteName": "WND_IDP_Marunda Genesis Warehouse_(SM)",
	  "region": "Asia Pacific Region",
	  "area": "South-East Asia Area",
	  "label": "WND_IDP_Marunda Genesis Warehouse_(SM)",
	  "value": "ID0020"
	},
	{
	  "siteid": "cdr08",
	  "siteName": null,
	  "region": null,
	  "area": null,
	  "label": null,
	  "value": "cdr08"
	},
	{
	  "siteid": "wj06c",
	  "siteName": null,
	  "region": null,
	  "area": null,
	  "label": null,
	  "value": "wj06c"
	},
	{
	  "siteid": "vfcdc",
	  "siteName": null,
	  "region": null,
	  "area": null,
	  "label": null,
	  "value": "vfcdc"
	},
	{
	  "siteid": "bs02f",
	  "siteName": null,
	  "region": null,
	  "area": null,
	  "label": null,
	  "value": "bs02f"
	},
	{
	  "siteid": "zty08",
	  "siteName": null,
	  "region": null,
	  "area": null,
	  "label": null,
	  "value": "zty08"
	},
	{
	  "siteid": "bs07e",
	  "siteName": null,
	  "region": null,
	  "area": null,
	  "label": null,
	  "value": "bs07e"
	},
	{
	  "siteid": "3101e",
	  "siteName": null,
	  "region": null,
	  "area": null,
	  "label": null,
	  "value": "3101e"
	},
	{
	  "siteid": "VN003",
	  "siteName": "WND_VCM_Nhat Tin - Song Than_(SM)",
	  "region": "Asia Pacific Region",
	  "area": "Mekong Area",
	  "label": "WND_VCM_Nhat Tin - Song Than_(SM)",
	  "value": "VN003"
	},
	{
	  "siteid": "esr",
	  "siteName": null,
	  "region": null,
	  "area": null,
	  "label": null,
	  "value": "esr"
	},
	{
	  "siteid": "ph30",
	  "siteName": null,
	  "region": null,
	  "area": null,
	  "label": null,
	  "value": "ph30"
	},
	{
	  "siteid": "3661",
	  "siteName": null,
	  "region": null,
	  "area": null,
	  "label": null,
	  "value": "3661"
	},
	{
	  "siteid": "1177",
	  "siteName": null,
	  "region": null,
	  "area": null,
	  "label": null,
	  "value": "1177"
	},
	{
	  "siteid": "4731",
	  "siteName": null,
	  "region": null,
	  "area": null,
	  "label": null,
	  "value": "4731"
	},
	{
	  "siteid": "51f2",
	  "siteName": null,
	  "region": null,
	  "area": null,
	  "label": null,
	  "value": "51f2"
	},
	{
	  "siteid": "bm",
	  "siteName": null,
	  "region": null,
	  "area": null,
	  "label": null,
	  "value": "bm"
	},
	{
	  "siteid": "5159",
	  "siteName": null,
	  "region": null,
	  "area": null,
	  "label": null,
	  "value": "5159"
	},
	{
	  "siteid": "bts02",
	  "siteName": null,
	  "region": null,
	  "area": null,
	  "label": null,
	  "value": "bts02"
	},
	{
	  "siteid": "mhdp",
	  "siteName": null,
	  "region": null,
	  "area": null,
	  "label": null,
	  "value": "mhdp"
	},
	{
	  "siteid": "3621",
	  "siteName": null,
	  "region": null,
	  "area": null,
	  "label": null,
	  "value": "3621"
	},
	{
	  "siteid": "1606",
	  "siteName": null,
	  "region": null,
	  "area": null,
	  "label": null,
	  "value": "1606"
	},
	{
	  "siteid": "4801",
	  "siteName": null,
	  "region": null,
	  "area": null,
	  "label": null,
	  "value": "4801"
	},
	{
	  "siteid": "dav04",
	  "siteName": null,
	  "region": null,
	  "area": null,
	  "label": null,
	  "value": "dav04"
	},
	{
	  "siteid": "qhw25",
	  "siteName": null,
	  "region": null,
	  "area": null,
	  "label": null,
	  "value": "qhw25"
	},
	{
	  "siteid": "bs16h",
	  "siteName": null,
	  "region": null,
	  "area": null,
	  "label": null,
	  "value": "bs16h"
	},
	{
	  "siteid": "bsj",
	  "siteName": null,
	  "region": null,
	  "area": null,
	  "label": null,
	  "value": "bsj"
	},
	{
	  "siteid": "hmdel",
	  "siteName": null,
	  "region": null,
	  "area": null,
	  "label": null,
	  "value": "hmdel"
	},
	{
	  "siteid": "18160",
	  "siteName": null,
	  "region": null,
	  "area": null,
	  "label": null,
	  "value": "18160"
	},
	{
	  "siteid": "cd02",
	  "siteName": null,
	  "region": null,
	  "area": null,
	  "label": null,
	  "value": "cd02"
	},
	{
	  "siteid": "dum",
	  "siteName": null,
	  "region": null,
	  "area": null,
	  "label": null,
	  "value": "dum"
	},
	{
	  "siteid": "py05",
	  "siteName": null,
	  "region": null,
	  "area": null,
	  "label": null,
	  "value": "py05"
	},
	{
	  "siteid": "bdcco",
	  "siteName": null,
	  "region": null,
	  "area": null,
	  "label": null,
	  "value": "bdcco"
	},
	{
	  "siteid": "bs12",
	  "siteName": null,
	  "region": null,
	  "area": null,
	  "label": null,
	  "value": "bs12"
	},
	{
	  "siteid": "hy09",
	  "siteName": null,
	  "region": null,
	  "area": null,
	  "label": null,
	  "value": "hy09"
	},
	{
	  "siteid": "umdc",
	  "siteName": null,
	  "region": null,
	  "area": null,
	  "label": null,
	  "value": "umdc"
	},
	{
	  "siteid": "1168",
	  "siteName": null,
	  "region": null,
	  "area": null,
	  "label": null,
	  "value": "1168"
	},
	{
	  "siteid": "3101",
	  "siteName": null,
	  "region": null,
	  "area": null,
	  "label": null,
	  "value": "3101"
	},
	{
	  "siteid": "5151l",
	  "siteName": null,
	  "region": null,
	  "area": null,
	  "label": null,
	  "value": "5151l"
	},
	{
	  "siteid": "1616",
	  "siteName": null,
	  "region": null,
	  "area": null,
	  "label": null,
	  "value": "1616"
	},
	{
	  "siteid": "cdlm",
	  "siteName": null,
	  "region": null,
	  "area": null,
	  "label": null,
	  "value": "cdlm"
	},
	{
	  "siteid": "3691",
	  "siteName": null,
	  "region": null,
	  "area": null,
	  "label": null,
	  "value": "3691"
	},
	{
	  "siteid": "cdp13",
	  "siteName": null,
	  "region": null,
	  "area": null,
	  "label": null,
	  "value": "cdp13"
	},
	{
	  "siteid": "158r",
	  "siteName": null,
	  "region": null,
	  "area": null,
	  "label": null,
	  "value": "158r"
	},
	{
	  "siteid": "1661",
	  "siteName": null,
	  "region": null,
	  "area": null,
	  "label": null,
	  "value": "1661"
	},
	{
	  "siteid": "1702",
	  "siteName": null,
	  "region": null,
	  "area": null,
	  "label": null,
	  "value": "1702"
	},
	{
	  "siteid": "647p",
	  "siteName": null,
	  "region": null,
	  "area": null,
	  "label": null,
	  "value": "647p"
	},
	{
	  "siteid": "kvret",
	  "siteName": null,
	  "region": null,
	  "area": null,
	  "label": null,
	  "value": "kvret"
	},
	{
	  "siteid": "16150",
	  "siteName": null,
	  "region": null,
	  "area": null,
	  "label": null,
	  "value": "16150"
	},
	{
	  "siteid": "qhw30",
	  "siteName": null,
	  "region": null,
	  "area": null,
	  "label": null,
	  "value": "qhw30"
	},
	{
	  "siteid": "401",
	  "siteName": null,
	  "region": null,
	  "area": null,
	  "label": null,
	  "value": "401"
	},
	{
	  "siteid": "zty01",
	  "siteName": null,
	  "region": null,
	  "area": null,
	  "label": null,
	  "value": "zty01"
	},
	{
	  "siteid": "hong kong santin puma skechers",
	  "siteName": null,
	  "region": null,
	  "area": null,
	  "label": null,
	  "value": "hong kong santin puma skechers"
	},
	{
	  "siteid": "TH001",
	  "siteName": "WND_TMS_SIAM SHORESIDE (SSS)_(SM)",
	  "region": "Asia Pacific Region",
	  "area": "Mekong Area",
	  "label": "WND_TMS_SIAM SHORESIDE (SSS)_(SM)",
	  "value": "TH001"
	},
	{
	  "siteid": "bdc99",
	  "siteName": null,
	  "region": null,
	  "area": null,
	  "label": null,
	  "value": "bdc99"
	},
	{
	  "siteid": "bs13s",
	  "siteName": null,
	  "region": null,
	  "area": null,
	  "label": null,
	  "value": "bs13s"
	},
	{
	  "siteid": "fn01",
	  "siteName": null,
	  "region": null,
	  "area": null,
	  "label": null,
	  "value": "fn01"
	},
	{
	  "siteid": "1636",
	  "siteName": null,
	  "region": null,
	  "area": null,
	  "label": null,
	  "value": "1636"
	},
	{
	  "siteid": "cdp02",
	  "siteName": null,
	  "region": null,
	  "area": null,
	  "label": null,
	  "value": "cdp02"
	},
	{
	  "siteid": "1158",
	  "siteName": null,
	  "region": null,
	  "area": null,
	  "label": null,
	  "value": "1158"
	},
	{
	  "siteid": "cdp18",
	  "siteName": null,
	  "region": null,
	  "area": null,
	  "label": null,
	  "value": "cdp18"
	},
	{
	  "siteid": "ph22",
	  "siteName": null,
	  "region": null,
	  "area": null,
	  "label": null,
	  "value": "ph22"
	},
	{
	  "siteid": "qhw02",
	  "siteName": null,
	  "region": null,
	  "area": null,
	  "label": null,
	  "value": "qhw02"
	},
	{
	  "siteid": "mth05",
	  "siteName": null,
	  "region": null,
	  "area": null,
	  "label": null,
	  "value": "mth05"
	},
	{
	  "siteid": "dbs62",
	  "siteName": null,
	  "region": null,
	  "area": null,
	  "label": null,
	  "value": "dbs62"
	},
	{
	  "siteid": "129c",
	  "siteName": null,
	  "region": null,
	  "area": null,
	  "label": null,
	  "value": "129c"
	},
	{
	  "siteid": "18100",
	  "siteName": null,
	  "region": null,
	  "area": null,
	  "label": null,
	  "value": "18100"
	},
	{
	  "siteid": "xmos",
	  "siteName": null,
	  "region": null,
	  "area": null,
	  "label": null,
	  "value": "xmos"
	},
	{
	  "siteid": "wjgj",
	  "siteName": null,
	  "region": null,
	  "area": null,
	  "label": null,
	  "value": "wjgj"
	},
	{
	  "siteid": "4761",
	  "siteName": null,
	  "region": null,
	  "area": null,
	  "label": null,
	  "value": "4761"
	},
	{
	  "siteid": "4771",
	  "siteName": null,
	  "region": null,
	  "area": null,
	  "label": null,
	  "value": "4771"
	},
	{
	  "siteid": "lkb01",
	  "siteName": null,
	  "region": null,
	  "area": null,
	  "label": null,
	  "value": "lkb01"
	},
	{
	  "siteid": "pm113",
	  "siteName": null,
	  "region": null,
	  "area": null,
	  "label": null,
	  "value": "pm113"
	},
	{
	  "siteid": "0026",
	  "siteName": null,
	  "region": null,
	  "area": null,
	  "label": null,
	  "value": "0026"
	},
	{
	  "siteid": "mrtdm",
	  "siteName": null,
	  "region": null,
	  "area": null,
	  "label": null,
	  "value": "mrtdm"
	},
	{
	  "siteid": "ua",
	  "siteName": null,
	  "region": null,
	  "area": null,
	  "label": null,
	  "value": "ua"
	},
	{
	  "siteid": "bs16e",
	  "siteName": null,
	  "region": null,
	  "area": null,
	  "label": null,
	  "value": "bs16e"
	},
	{
	  "siteid": "kdc1",
	  "siteName": null,
	  "region": null,
	  "area": null,
	  "label": null,
	  "value": "kdc1"
	},
	{
	  "siteid": "SG0012",
	  "siteName": "WND_TMS_Singapore West DC_(SM)",
	  "region": "Asia Pacific Region",
	  "area": "South-East Asia Area",
	  "label": "WND_TMS_Singapore West DC_(SM)",
	  "value": "SG0012"
	},
	{
	  "siteid": "tpg",
	  "siteName": null,
	  "region": null,
	  "area": null,
	  "label": null,
	  "value": "tpg"
	},
	{
	  "siteid": "pm115",
	  "siteName": null,
	  "region": null,
	  "area": null,
	  "label": null,
	  "value": "pm115"
	},
	{
	  "siteid": "sw05",
	  "siteName": null,
	  "region": null,
	  "area": null,
	  "label": null,
	  "value": "sw05"
	},
	{
	  "siteid": "51j1",
	  "siteName": null,
	  "region": null,
	  "area": null,
	  "label": null,
	  "value": "51j1"
	},
	{
	  "siteid": "sw04",
	  "siteName": null,
	  "region": null,
	  "area": null,
	  "label": null,
	  "value": "sw04"
	},
	{
	  "siteid": "idc",
	  "siteName": null,
	  "region": null,
	  "area": null,
	  "label": null,
	  "value": "idc"
	},
	{
	  "siteid": "bts01",
	  "siteName": null,
	  "region": null,
	  "area": null,
	  "label": null,
	  "value": "bts01"
	},
	{
	  "siteid": "cdp09",
	  "siteName": null,
	  "region": null,
	  "area": null,
	  "label": null,
	  "value": "cdp09"
	},
	{
	  "siteid": "pm121",
	  "siteName": null,
	  "region": null,
	  "area": null,
	  "label": null,
	  "value": "pm121"
	},
	{
	  "siteid": "qhw31",
	  "siteName": null,
	  "region": null,
	  "area": null,
	  "label": null,
	  "value": "qhw31"
	},
	{
	  "siteid": "hong kong ylp1 tbl vf",
	  "siteName": null,
	  "region": null,
	  "area": null,
	  "label": null,
	  "value": "hong kong ylp1 tbl vf"
	},
	{
	  "siteid": "SN002",
	  "siteName": "WND_NWA_MBOUR_(SM)",
	  "region": "India, Middle East & Africa Region",
	  "area": "Northern West Africa Area",
	  "label": "WND_NWA_MBOUR_(SM)",
	  "value": "SN002"
	},
	{
	  "siteid": "dvofg",
	  "siteName": null,
	  "region": null,
	  "area": null,
	  "label": null,
	  "value": "dvofg"
	},
	{
	  "siteid": "hcm9",
	  "siteName": null,
	  "region": null,
	  "area": null,
	  "label": null,
	  "value": "hcm9"
	},
	{
	  "siteid": "gm",
	  "siteName": null,
	  "region": null,
	  "area": null,
	  "label": null,
	  "value": "gm"
	},
	{
	  "siteid": "cdr21",
	  "siteName": null,
	  "region": null,
	  "area": null,
	  "label": null,
	  "value": "cdr21"
	},
	{
	  "siteid": "udspl",
	  "siteName": null,
	  "region": null,
	  "area": null,
	  "label": null,
	  "value": "udspl"
	},
	{
	  "siteid": "ss",
	  "siteName": null,
	  "region": null,
	  "area": null,
	  "label": null,
	  "value": "ss"
	},
	{
	  "siteid": "py07",
	  "siteName": null,
	  "region": null,
	  "area": null,
	  "label": null,
	  "value": "py07"
	},
	{
	  "siteid": "125",
	  "siteName": null,
	  "region": null,
	  "area": null,
	  "label": null,
	  "value": "125"
	},
	{
	  "siteid": "p6001",
	  "siteName": null,
	  "region": null,
	  "area": null,
	  "label": null,
	  "value": "p6001"
	},
	{
	  "siteid": "mpiaa",
	  "siteName": null,
	  "region": null,
	  "area": null,
	  "label": null,
	  "value": "mpiaa"
	},
	{
	  "siteid": "vscmp",
	  "siteName": null,
	  "region": null,
	  "area": null,
	  "label": null,
	  "value": "vscmp"
	},
	{
	  "siteid": "sgd1",
	  "siteName": null,
	  "region": null,
	  "area": null,
	  "label": null,
	  "value": "sgd1"
	},
	{
	  "siteid": "51a1",
	  "siteName": null,
	  "region": null,
	  "area": null,
	  "label": null,
	  "value": "51a1"
	},
	{
	  "siteid": "hmcdc",
	  "siteName": null,
	  "region": null,
	  "area": null,
	  "label": null,
	  "value": "hmcdc"
	},
	{
	  "siteid": "1671",
	  "siteName": null,
	  "region": null,
	  "area": null,
	  "label": null,
	  "value": "1671"
	},
	{
	  "siteid": "cbt01",
	  "siteName": null,
	  "region": null,
	  "area": null,
	  "label": null,
	  "value": "cbt01"
	},
	{
	  "siteid": "3121",
	  "siteName": null,
	  "region": null,
	  "area": null,
	  "label": null,
	  "value": "3121"
	},
	{
	  "siteid": "hcm3",
	  "siteName": null,
	  "region": null,
	  "area": null,
	  "label": null,
	  "value": "hcm3"
	},
	{
	  "siteid": "esre",
	  "siteName": null,
	  "region": null,
	  "area": null,
	  "label": null,
	  "value": "esre"
	},
	{
	  "siteid": "fld",
	  "siteName": null,
	  "region": null,
	  "area": null,
	  "label": null,
	  "value": "fld"
	},
	{
	  "siteid": "cdp03",
	  "siteName": null,
	  "region": null,
	  "area": null,
	  "label": null,
	  "value": "cdp03"
	},
	{
	  "siteid": "al02d",
	  "siteName": null,
	  "region": null,
	  "area": null,
	  "label": null,
	  "value": "al02d"
	},
	{
	  "siteid": "4861",
	  "siteName": null,
	  "region": null,
	  "area": null,
	  "label": null,
	  "value": "4861"
	},
	{
	  "siteid": "cdr10",
	  "siteName": null,
	  "region": null,
	  "area": null,
	  "label": null,
	  "value": "cdr10"
	},
	{
	  "siteid": "pm116",
	  "siteName": null,
	  "region": null,
	  "area": null,
	  "label": null,
	  "value": "pm116"
	},
	{
	  "siteid": "ph21",
	  "siteName": null,
	  "region": null,
	  "area": null,
	  "label": null,
	  "value": "ph21"
	},
	{
	  "siteid": "wgqbl",
	  "siteName": null,
	  "region": null,
	  "area": null,
	  "label": null,
	  "value": "wgqbl"
	},
	{
	  "siteid": "pm117",
	  "siteName": null,
	  "region": null,
	  "area": null,
	  "label": null,
	  "value": "pm117"
	},
	{
	  "siteid": "3167",
	  "siteName": null,
	  "region": null,
	  "area": null,
	  "label": null,
	  "value": "3167"
	},
	{
	  "siteid": "9930",
	  "siteName": null,
	  "region": null,
	  "area": null,
	  "label": null,
	  "value": "9930"
	},
	{
	  "siteid": "qhw23",
	  "siteName": null,
	  "region": null,
	  "area": null,
	  "label": null,
	  "value": "qhw23"
	},
	{
	  "siteid": "3191",
	  "siteName": null,
	  "region": null,
	  "area": null,
	  "label": null,
	  "value": "3191"
	},
	{
	  "siteid": "KH002",
	  "siteName": "WND_VCM_Union_(SM)",
	  "region": "Asia Pacific Region",
	  "area": "Mekong Area",
	  "label": "WND_VCM_Union_(SM)",
	  "value": "KH002"
	},
	{
	  "siteid": "qhw20",
	  "siteName": null,
	  "region": null,
	  "area": null,
	  "label": null,
	  "value": "qhw20"
	},
	{
	  "siteid": "1181",
	  "siteName": null,
	  "region": null,
	  "area": null,
	  "label": null,
	  "value": "1181"
	},
	{
	  "siteid": "16c1",
	  "siteName": null,
	  "region": null,
	  "area": null,
	  "label": null,
	  "value": "16c1"
	},
	{
	  "siteid": "merit",
	  "siteName": null,
	  "region": null,
	  "area": null,
	  "label": null,
	  "value": "merit"
	},
	{
	  "siteid": "wjla",
	  "siteName": null,
	  "region": null,
	  "area": null,
	  "label": null,
	  "value": "wjla"
	},
	{
	  "siteid": "5192",
	  "siteName": null,
	  "region": null,
	  "area": null,
	  "label": null,
	  "value": "5192"
	},
	{
	  "siteid": "thg01",
	  "siteName": null,
	  "region": null,
	  "area": null,
	  "label": null,
	  "value": "thg01"
	},
	{
	  "siteid": "fj",
	  "siteName": null,
	  "region": null,
	  "area": null,
	  "label": null,
	  "value": "fj"
	},
	{
	  "siteid": "KE0015",
	  "siteName": "WND_EAA_Astra Business Park_(SM)",
	  "region": "India, Middle East & Africa Region",
	  "area": "Eastern Africa Area",
	  "label": "WND_EAA_Astra Business Park_(SM)",
	  "value": "KE0015"
	},
	{
	  "siteid": "1149",
	  "siteName": null,
	  "region": null,
	  "area": null,
	  "label": null,
	  "value": "1149"
	},
	{
	  "siteid": "lvs",
	  "siteName": null,
	  "region": null,
	  "area": null,
	  "label": null,
	  "value": "lvs"
	},
	{
	  "siteid": "3181",
	  "siteName": null,
	  "region": null,
	  "area": null,
	  "label": null,
	  "value": "3181"
	},
	{
	  "siteid": "qhw27",
	  "siteName": null,
	  "region": null,
	  "area": null,
	  "label": null,
	  "value": "qhw27"
	},
	{
	  "siteid": "yp04",
	  "siteName": null,
	  "region": null,
	  "area": null,
	  "label": null,
	  "value": "yp04"
	},
	{
	  "siteid": "qp000",
	  "siteName": null,
	  "region": null,
	  "area": null,
	  "label": null,
	  "value": "qp000"
	},
	{
	  "siteid": "CN004",
	  "siteName": "WND_GCA_ SZDC ZT (non-Amz)_(SM)",
	  "region": "Asia Pacific Region",
	  "area": "Greater China Area",
	  "label": "WND_GCA_ SZDC ZT (non-Amz)_(SM)",
	  "value": "CN004"
	},
	{
	  "siteid": "4606",
	  "siteName": null,
	  "region": null,
	  "area": null,
	  "label": null,
	  "value": "4606"
	},
	{
	  "siteid": "ph24",
	  "siteName": null,
	  "region": null,
	  "area": null,
	  "label": null,
	  "value": "ph24"
	},
	{
	  "siteid": "mdcrl",
	  "siteName": null,
	  "region": null,
	  "area": null,
	  "label": null,
	  "value": "mdcrl"
	},
	{
	  "siteid": "3101f",
	  "siteName": null,
	  "region": null,
	  "area": null,
	  "label": null,
	  "value": "3101f"
	},
	{
	  "siteid": "ID0021",
	  "siteName": "WND_IDP_SPV Warehouse Marunda_(SM)",
	  "region": "Asia Pacific Region",
	  "area": "South-East Asia Area",
	  "label": "WND_IDP_SPV Warehouse Marunda_(SM)",
	  "value": "ID0021"
	},
	{
	  "siteid": "odtrg",
	  "siteName": null,
	  "region": null,
	  "area": null,
	  "label": null,
	  "value": "odtrg"
	},
	{
	  "siteid": "12001",
	  "siteName": null,
	  "region": null,
	  "area": null,
	  "label": null,
	  "value": "12001"
	},
	{
	  "siteid": "ph82",
	  "siteName": null,
	  "region": null,
	  "area": null,
	  "label": null,
	  "value": "ph82"
	},
	{
	  "siteid": "tj002",
	  "siteName": null,
	  "region": null,
	  "area": null,
	  "label": null,
	  "value": "tj002"
	},
	{
	  "siteid": "tjjj",
	  "siteName": null,
	  "region": null,
	  "area": null,
	  "label": null,
	  "value": "tjjj"
	},
	{
	  "siteid": "1106",
	  "siteName": null,
	  "region": null,
	  "area": null,
	  "label": null,
	  "value": "1106"
	},
	{
	  "siteid": "1176",
	  "siteName": null,
	  "region": null,
	  "area": null,
	  "label": null,
	  "value": "1176"
	},
	{
	  "siteid": "wjb1x",
	  "siteName": null,
	  "region": null,
	  "area": null,
	  "label": null,
	  "value": "wjb1x"
	},
	{
	  "siteid": "hm",
	  "siteName": null,
	  "region": null,
	  "area": null,
	  "label": null,
	  "value": "hm"
	},
	{
	  "siteid": "zty13",
	  "siteName": null,
	  "region": null,
	  "area": null,
	  "label": null,
	  "value": "zty13"
	},
	{
	  "siteid": "MM003",
	  "siteName": "WND_VCM_Starlight C4_(SM)",
	  "region": "Asia Pacific Region",
	  "area": "Mekong Area",
	  "label": "WND_VCM_Starlight C4_(SM)",
	  "value": "MM003"
	},
	{
	  "siteid": "pdu03",
	  "siteName": null,
	  "region": null,
	  "area": null,
	  "label": null,
	  "value": "pdu03"
	},
	{
	  "siteid": "sw06",
	  "siteName": null,
	  "region": null,
	  "area": null,
	  "label": null,
	  "value": "sw06"
	},
	{
	  "siteid": "gz01",
	  "siteName": null,
	  "region": null,
	  "area": null,
	  "label": null,
	  "value": "gz01"
	},
	{
	  "siteid": "16g6",
	  "siteName": null,
	  "region": null,
	  "area": null,
	  "label": null,
	  "value": "16g6"
	},
	{
	  "siteid": "anfdm",
	  "siteName": null,
	  "region": null,
	  "area": null,
	  "label": null,
	  "value": "anfdm"
	},
	{
	  "siteid": "ph50c",
	  "siteName": null,
	  "region": null,
	  "area": null,
	  "label": null,
	  "value": "ph50c"
	},
	{
	  "siteid": "mlk06",
	  "siteName": null,
	  "region": null,
	  "area": null,
	  "label": null,
	  "value": "mlk06"
	},
	{
	  "siteid": "pm106",
	  "siteName": null,
	  "region": null,
	  "area": null,
	  "label": null,
	  "value": "pm106"
	},
	{
	  "siteid": "w500",
	  "siteName": null,
	  "region": null,
	  "area": null,
	  "label": null,
	  "value": "w500"
	},
	{
	  "siteid": "qhw17",
	  "siteName": null,
	  "region": null,
	  "area": null,
	  "label": null,
	  "value": "qhw17"
	},
	{
	  "siteid": "lkb02",
	  "siteName": null,
	  "region": null,
	  "area": null,
	  "label": null,
	  "value": "lkb02"
	},
	{
	  "siteid": "3104",
	  "siteName": null,
	  "region": null,
	  "area": null,
	  "label": null,
	  "value": "3104"
	},
	{
	  "siteid": "cnx01",
	  "siteName": null,
	  "region": null,
	  "area": null,
	  "label": null,
	  "value": "cnx01"
	},
	{
	  "siteid": "TW002",
	  "siteName": "WND_GCA_LUZHU IDC_(SM)",
	  "region": "Asia Pacific Region",
	  "area": "Greater China Area",
	  "label": "WND_GCA_LUZHU IDC_(SM)",
	  "value": "TW002"
	},
	{
	  "siteid": "TH005",
	  "siteName": "WND_TMS_LAEM CHABANG FTZ_(SM)",
	  "region": "Asia Pacific Region",
	  "area": "Mekong Area",
	  "label": "WND_TMS_LAEM CHABANG FTZ_(SM)",
	  "value": "TH005"
	},
	{
	  "siteid": "clgkr",
	  "siteName": null,
	  "region": null,
	  "area": null,
	  "label": null,
	  "value": "clgkr"
	},
	{
	  "siteid": "18190",
	  "siteName": null,
	  "region": null,
	  "area": null,
	  "label": null,
	  "value": "18190"
	},
	{
	  "siteid": "wj06z",
	  "siteName": null,
	  "region": null,
	  "area": null,
	  "label": null,
	  "value": "wj06z"
	},
	{
	  "siteid": "bs02",
	  "siteName": null,
	  "region": null,
	  "area": null,
	  "label": null,
	  "value": "bs02"
	},
	{
	  "siteid": "mncl1",
	  "siteName": null,
	  "region": null,
	  "area": null,
	  "label": null,
	  "value": "mncl1"
	},
	{
	  "siteid": "dbs67",
	  "siteName": null,
	  "region": null,
	  "area": null,
	  "label": null,
	  "value": "dbs67"
	},
	{
	  "siteid": "cerv",
	  "siteName": null,
	  "region": null,
	  "area": null,
	  "label": null,
	  "value": "cerv"
	},
	{
	  "siteid": "1172",
	  "siteName": null,
	  "region": null,
	  "area": null,
	  "label": null,
	  "value": "1172"
	},
	{
	  "siteid": "bs15",
	  "siteName": null,
	  "region": null,
	  "area": null,
	  "label": null,
	  "value": "bs15"
	},
	{
	  "siteid": "dkym",
	  "siteName": null,
	  "region": null,
	  "area": null,
	  "label": null,
	  "value": "dkym"
	},
	{
	  "siteid": "mlk03",
	  "siteName": null,
	  "region": null,
	  "area": null,
	  "label": null,
	  "value": "mlk03"
	},
	{
	  "siteid": "p1011",
	  "siteName": null,
	  "region": null,
	  "area": null,
	  "label": null,
	  "value": "p1011"
	},
	{
	  "siteid": "skch",
	  "siteName": null,
	  "region": null,
	  "area": null,
	  "label": null,
	  "value": "skch"
	},
	{
	  "siteid": "3101b",
	  "siteName": null,
	  "region": null,
	  "area": null,
	  "label": null,
	  "value": "3101b"
	},
	{
	  "siteid": "1165",
	  "siteName": null,
	  "region": null,
	  "area": null,
	  "label": null,
	  "value": "1165"
	},
	{
	  "siteid": "158",
	  "siteName": null,
	  "region": null,
	  "area": null,
	  "label": null,
	  "value": "158"
	},
	{
	  "siteid": "cdr20",
	  "siteName": null,
	  "region": null,
	  "area": null,
	  "label": null,
	  "value": "cdr20"
	},
	{
	  "siteid": "wj06",
	  "siteName": null,
	  "region": null,
	  "area": null,
	  "label": null,
	  "value": "wj06"
	},
	{
	  "siteid": "dyson",
	  "siteName": null,
	  "region": null,
	  "area": null,
	  "label": null,
	  "value": "dyson"
	},
	{
	  "siteid": "ph78",
	  "siteName": null,
	  "region": null,
	  "area": null,
	  "label": null,
	  "value": "ph78"
	},
	{
	  "siteid": "dcj",
	  "siteName": null,
	  "region": null,
	  "area": null,
	  "label": null,
	  "value": "dcj"
	},
	{
	  "siteid": "sw03",
	  "siteName": null,
	  "region": null,
	  "area": null,
	  "label": null,
	  "value": "sw03"
	},
	{
	  "siteid": "jcdc1",
	  "siteName": null,
	  "region": null,
	  "area": null,
	  "label": null,
	  "value": "jcdc1"
	},
	{
	  "siteid": "1162",
	  "siteName": null,
	  "region": null,
	  "area": null,
	  "label": null,
	  "value": "1162"
	},
	{
	  "siteid": "bom01",
	  "siteName": null,
	  "region": null,
	  "area": null,
	  "label": null,
	  "value": "bom01"
	},
	{
	  "siteid": "sev",
	  "siteName": null,
	  "region": null,
	  "area": null,
	  "label": null,
	  "value": "sev"
	},
	{
	  "siteid": "hy02",
	  "siteName": null,
	  "region": null,
	  "area": null,
	  "label": null,
	  "value": "hy02"
	},
	{
	  "siteid": "gz07",
	  "siteName": null,
	  "region": null,
	  "area": null,
	  "label": null,
	  "value": "gz07"
	},
	{
	  "siteid": "18120",
	  "siteName": null,
	  "region": null,
	  "area": null,
	  "label": null,
	  "value": "18120"
	},
	{
	  "siteid": "umdc2",
	  "siteName": null,
	  "region": null,
	  "area": null,
	  "label": null,
	  "value": "umdc2"
	},
	{
	  "siteid": "SE001",
	  "siteName": "WND_NDC_Arendal, Gothenburg_(SM)",
	  "region": "Europe Region",
	  "area": "Nordic Area",
	  "label": "WND_NDC_Arendal, Gothenburg_(SM)",
	  "value": "SE001"
	},
	{
	  "siteid": "cdc1",
	  "siteName": null,
	  "region": null,
	  "area": null,
	  "label": null,
	  "value": "cdc1"
	},
	{
	  "siteid": "KE008",
	  "siteName": "WND_EAA_MODJO WAREHOUSE_(SM)",
	  "region": "India, Middle East & Africa Region",
	  "area": "Eastern Africa Area",
	  "label": "WND_EAA_MODJO WAREHOUSE_(SM)",
	  "value": "KE008"
	},
	{
	  "siteid": "1148",
	  "siteName": null,
	  "region": null,
	  "area": null,
	  "label": null,
	  "value": "1148"
	},
	{
	  "siteid": "nsh04",
	  "siteName": null,
	  "region": null,
	  "area": null,
	  "label": null,
	  "value": "nsh04"
	},
	{
	  "siteid": "5191d",
	  "siteName": null,
	  "region": null,
	  "area": null,
	  "label": null,
	  "value": "5191d"
	},
	{
	  "siteid": "ph54",
	  "siteName": null,
	  "region": null,
	  "area": null,
	  "label": null,
	  "value": "ph54"
	},
	{
	  "siteid": "mf04",
	  "siteName": null,
	  "region": null,
	  "area": null,
	  "label": null,
	  "value": "mf04"
	},
	{
	  "siteid": "flde",
	  "siteName": null,
	  "region": null,
	  "area": null,
	  "label": null,
	  "value": "flde"
	},
	{
	  "siteid": "hy06",
	  "siteName": null,
	  "region": null,
	  "area": null,
	  "label": null,
	  "value": "hy06"
	},
	{
	  "siteid": "kvnb",
	  "siteName": null,
	  "region": null,
	  "area": null,
	  "label": null,
	  "value": "kvnb"
	},
	{
	  "siteid": "al04f",
	  "siteName": null,
	  "region": null,
	  "area": null,
	  "label": null,
	  "value": "al04f"
	},
	{
	  "siteid": "p3100",
	  "siteName": null,
	  "region": null,
	  "area": null,
	  "label": null,
	  "value": "p3100"
	},
	{
	  "siteid": "sub01",
	  "siteName": null,
	  "region": null,
	  "area": null,
	  "label": null,
	  "value": "sub01"
	},
	{
	  "siteid": "qhw13",
	  "siteName": null,
	  "region": null,
	  "area": null,
	  "label": null,
	  "value": "qhw13"
	},
	{
	  "siteid": "cbd02",
	  "siteName": null,
	  "region": null,
	  "area": null,
	  "label": null,
	  "value": "cbd02"
	},
	{
	  "siteid": "tj001",
	  "siteName": null,
	  "region": null,
	  "area": null,
	  "label": null,
	  "value": "tj001"
	},
	{
	  "siteid": "qhw51",
	  "siteName": null,
	  "region": null,
	  "area": null,
	  "label": null,
	  "value": "qhw51"
	},
	{
	  "siteid": "mnd3b",
	  "siteName": null,
	  "region": null,
	  "area": null,
	  "label": null,
	  "value": "mnd3b"
	},
	{
	  "siteid": "kvfmc",
	  "siteName": null,
	  "region": null,
	  "area": null,
	  "label": null,
	  "value": "kvfmc"
	},
	{
	  "siteid": "mth09",
	  "siteName": null,
	  "region": null,
	  "area": null,
	  "label": null,
	  "value": "mth09"
	},
	{
	  "siteid": "ID007",
	  "siteName": "WND_IDP_DWI In Cakung, Indonesia_(SM)",
	  "region": "Asia Pacific Region",
	  "area": "South-East Asia Area",
	  "label": "WND_IDP_DWI In Cakung, Indonesia_(SM)",
	  "value": "ID007"
	},
	{
	  "siteid": "lag01",
	  "siteName": null,
	  "region": null,
	  "area": null,
	  "label": null,
	  "value": "lag01"
	},
	{
	  "siteid": "128",
	  "siteName": null,
	  "region": null,
	  "area": null,
	  "label": null,
	  "value": "128"
	},
	{
	  "siteid": "kpn01",
	  "siteName": null,
	  "region": null,
	  "area": null,
	  "label": null,
	  "value": "kpn01"
	},
	{
	  "siteid": "bdc01",
	  "siteName": null,
	  "region": null,
	  "area": null,
	  "label": null,
	  "value": "bdc01"
	},
	{
	  "siteid": "dgem4",
	  "siteName": null,
	  "region": null,
	  "area": null,
	  "label": null,
	  "value": "dgem4"
	},
	{
	  "siteid": "8",
	  "siteName": null,
	  "region": null,
	  "area": null,
	  "label": null,
	  "value": "8"
	},
	{
	  "siteid": "gz02",
	  "siteName": null,
	  "region": null,
	  "area": null,
	  "label": null,
	  "value": "gz02"
	},
	{
	  "siteid": "0016",
	  "siteName": null,
	  "region": null,
	  "area": null,
	  "label": null,
	  "value": "0016"
	},
	{
	  "siteid": "kvl",
	  "siteName": null,
	  "region": null,
	  "area": null,
	  "label": null,
	  "value": "kvl"
	},
	{
	  "siteid": "mnd01",
	  "siteName": null,
	  "region": null,
	  "area": null,
	  "label": null,
	  "value": "mnd01"
	},
	{
	  "siteid": "hcm2",
	  "siteName": null,
	  "region": null,
	  "area": null,
	  "label": null,
	  "value": "hcm2"
	},
	{
	  "siteid": "h001",
	  "siteName": null,
	  "region": null,
	  "area": null,
	  "label": null,
	  "value": "h001"
	},
	{
	  "siteid": "hmakt",
	  "siteName": null,
	  "region": null,
	  "area": null,
	  "label": null,
	  "value": "hmakt"
	},
	{
	  "siteid": "hyp6",
	  "siteName": null,
	  "region": null,
	  "area": null,
	  "label": null,
	  "value": "hyp6"
	},
	{
	  "siteid": "f2",
	  "siteName": null,
	  "region": null,
	  "area": null,
	  "label": null,
	  "value": "f2"
	},
	{
	  "siteid": "pdu01",
	  "siteName": null,
	  "region": null,
	  "area": null,
	  "label": null,
	  "value": "pdu01"
	},
	{
	  "siteid": "sa01",
	  "siteName": null,
	  "region": null,
	  "area": null,
	  "label": null,
	  "value": "sa01"
	},
	{
	  "siteid": "zty04",
	  "siteName": null,
	  "region": null,
	  "area": null,
	  "label": null,
	  "value": "zty04"
	},
	{
	  "siteid": "4601",
	  "siteName": null,
	  "region": null,
	  "area": null,
	  "label": null,
	  "value": "4601"
	},
	{
	  "siteid": "3626",
	  "siteName": null,
	  "region": null,
	  "area": null,
	  "label": null,
	  "value": "3626"
	},
	{
	  "siteid": "mrtd2",
	  "siteName": null,
	  "region": null,
	  "area": null,
	  "label": null,
	  "value": "mrtd2"
	},
	{
	  "siteid": "ncode",
	  "siteName": null,
	  "region": null,
	  "area": null,
	  "label": null,
	  "value": "ncode"
	},
	{
	  "siteid": "lkdc",
	  "siteName": null,
	  "region": null,
	  "area": null,
	  "label": null,
	  "value": "lkdc"
	},
	{
	  "siteid": "ceb02",
	  "siteName": null,
	  "region": null,
	  "area": null,
	  "label": null,
	  "value": "ceb02"
	},
	{
	  "siteid": "SN0010",
	  "siteName": "WND_NWA_Camberene (Leased)_(SM)",
	  "region": "India, Middle East & Africa Region",
	  "area": "Northern West Africa Area",
	  "label": "WND_NWA_Camberene (Leased)_(SM)",
	  "value": "SN0010"
	},
	{
	  "siteid": "zty11",
	  "siteName": null,
	  "region": null,
	  "area": null,
	  "label": null,
	  "value": "zty11"
	},
	{
	  "siteid": "wj08",
	  "siteName": null,
	  "region": null,
	  "area": null,
	  "label": null,
	  "value": "wj08"
	},
	{
	  "siteid": "rbvas",
	  "siteName": null,
	  "region": null,
	  "area": null,
	  "label": null,
	  "value": "rbvas"
	},
	{
	  "siteid": "VN004",
	  "siteName": "WND_VCM_TBS Chemical &Â DC_(SM)",
	  "region": "Asia Pacific Region",
	  "area": "Mekong Area",
	  "label": "WND_VCM_TBS Chemical &Â DC_(SM)",
	  "value": "VN004"
	},
	{
	  "siteid": "pm114",
	  "siteName": null,
	  "region": null,
	  "area": null,
	  "label": null,
	  "value": "pm114"
	},
	{
	  "siteid": "sawh",
	  "siteName": null,
	  "region": null,
	  "area": null,
	  "label": null,
	  "value": "sawh"
	},
	{
	  "siteid": "br",
	  "siteName": null,
	  "region": null,
	  "area": null,
	  "label": null,
	  "value": "br"
	},
	{
	  "siteid": "sw02",
	  "siteName": null,
	  "region": null,
	  "area": null,
	  "label": null,
	  "value": "sw02"
	},
	{
	  "siteid": "1631",
	  "siteName": null,
	  "region": null,
	  "area": null,
	  "label": null,
	  "value": "1631"
	},
	{
	  "siteid": "cc56",
	  "siteName": null,
	  "region": null,
	  "area": null,
	  "label": null,
	  "value": "cc56"
	},
	{
	  "siteid": "31010",
	  "siteName": null,
	  "region": null,
	  "area": null,
	  "label": null,
	  "value": "31010"
	},
	{
	  "siteid": "7029",
	  "siteName": null,
	  "region": null,
	  "area": null,
	  "label": null,
	  "value": "7029"
	},
	{
	  "siteid": "1801",
	  "siteName": null,
	  "region": null,
	  "area": null,
	  "label": null,
	  "value": "1801"
	},
	{
	  "siteid": "gz06",
	  "siteName": null,
	  "region": null,
	  "area": null,
	  "label": null,
	  "value": "gz06"
	},
	{
	  "siteid": "4603",
	  "siteName": null,
	  "region": null,
	  "area": null,
	  "label": null,
	  "value": "4603"
	},
	{
	  "siteid": "uad",
	  "siteName": null,
	  "region": null,
	  "area": null,
	  "label": null,
	  "value": "uad"
	},
	{
	  "siteid": "129r",
	  "siteName": null,
	  "region": null,
	  "area": null,
	  "label": null,
	  "value": "129r"
	},
	{
	  "siteid": "ph83d",
	  "siteName": null,
	  "region": null,
	  "area": null,
	  "label": null,
	  "value": "ph83d"
	},
	{
	  "siteid": "mrk",
	  "siteName": null,
	  "region": null,
	  "area": null,
	  "label": null,
	  "value": "mrk"
	},
	{
	  "siteid": "dbu",
	  "siteName": null,
	  "region": null,
	  "area": null,
	  "label": null,
	  "value": "dbu"
	},
	{
	  "siteid": "5169",
	  "siteName": null,
	  "region": null,
	  "area": null,
	  "label": null,
	  "value": "5169"
	},
	{
	  "siteid": "mcnkc",
	  "siteName": null,
	  "region": null,
	  "area": null,
	  "label": null,
	  "value": "mcnkc"
	},
	{
	  "siteid": "5197",
	  "siteName": null,
	  "region": null,
	  "area": null,
	  "label": null,
	  "value": "5197"
	},
	{
	  "siteid": "bs16q",
	  "siteName": null,
	  "region": null,
	  "area": null,
	  "label": null,
	  "value": "bs16q"
	},
	{
	  "siteid": "48f1",
	  "siteName": null,
	  "region": null,
	  "area": null,
	  "label": null,
	  "value": "48f1"
	},
	{
	  "siteid": "mf03",
	  "siteName": null,
	  "region": null,
	  "area": null,
	  "label": null,
	  "value": "mf03"
	},
	{
	  "siteid": "pm130",
	  "siteName": null,
	  "region": null,
	  "area": null,
	  "label": null,
	  "value": "pm130"
	},
	{
	  "siteid": "llkdc",
	  "siteName": null,
	  "region": null,
	  "area": null,
	  "label": null,
	  "value": "llkdc"
	},
	{
	  "siteid": "4621",
	  "siteName": null,
	  "region": null,
	  "area": null,
	  "label": null,
	  "value": "4621"
	},
	{
	  "siteid": "mumz1",
	  "siteName": null,
	  "region": null,
	  "area": null,
	  "label": null,
	  "value": "mumz1"
	},
	{
	  "siteid": "pm123",
	  "siteName": null,
	  "region": null,
	  "area": null,
	  "label": null,
	  "value": "pm123"
	},
	{
	  "siteid": "cdc1-colpal",
	  "siteName": null,
	  "region": null,
	  "area": null,
	  "label": null,
	  "value": "cdc1-colpal"
	},
	{
	  "siteid": "bn19r",
	  "siteName": null,
	  "region": null,
	  "area": null,
	  "label": null,
	  "value": "bn19r"
	},
	{
	  "siteid": "3105",
	  "siteName": null,
	  "region": null,
	  "area": null,
	  "label": null,
	  "value": "3105"
	},
	{
	  "siteid": "sc",
	  "siteName": null,
	  "region": null,
	  "area": null,
	  "label": null,
	  "value": "sc"
	},
	{
	  "siteid": "qprpf",
	  "siteName": null,
	  "region": null,
	  "area": null,
	  "label": null,
	  "value": "qprpf"
	},
	{
	  "siteid": "re01",
	  "siteName": null,
	  "region": null,
	  "area": null,
	  "label": null,
	  "value": "re01"
	},
	{
	  "siteid": "3646",
	  "siteName": null,
	  "region": null,
	  "area": null,
	  "label": null,
	  "value": "3646"
	},
	{
	  "siteid": "py05s",
	  "siteName": null,
	  "region": null,
	  "area": null,
	  "label": null,
	  "value": "py05s"
	},
	{
	  "siteid": "qhw26",
	  "siteName": null,
	  "region": null,
	  "area": null,
	  "label": null,
	  "value": "qhw26"
	},
	{
	  "siteid": "hmd",
	  "siteName": null,
	  "region": null,
	  "area": null,
	  "label": null,
	  "value": "hmd"
	},
	{
	  "siteid": "7020",
	  "siteName": null,
	  "region": null,
	  "area": null,
	  "label": null,
	  "value": "7020"
	},
	{
	  "siteid": "mnd3d",
	  "siteName": null,
	  "region": null,
	  "area": null,
	  "label": null,
	  "value": "mnd3d"
	},
	{
	  "siteid": "gzm02",
	  "siteName": null,
	  "region": null,
	  "area": null,
	  "label": null,
	  "value": "gzm02"
	},
	{
	  "siteid": "qprp",
	  "siteName": null,
	  "region": null,
	  "area": null,
	  "label": null,
	  "value": "qprp"
	},
	{
	  "siteid": "uabj",
	  "siteName": null,
	  "region": null,
	  "area": null,
	  "label": null,
	  "value": "uabj"
	},
	{
	  "siteid": "vs13",
	  "siteName": null,
	  "region": null,
	  "area": null,
	  "label": null,
	  "value": "vs13"
	},
	{
	  "siteid": "mlk01",
	  "siteName": null,
	  "region": null,
	  "area": null,
	  "label": null,
	  "value": "mlk01"
	},
	{
	  "siteid": "wh04",
	  "siteName": null,
	  "region": null,
	  "area": null,
	  "label": null,
	  "value": "wh04"
	},
	{
	  "siteid": "0025",
	  "siteName": null,
	  "region": null,
	  "area": null,
	  "label": null,
	  "value": "0025"
	},
	{
	  "siteid": "3103",
	  "siteName": null,
	  "region": null,
	  "area": null,
	  "label": null,
	  "value": "3103"
	},
	{
	  "siteid": "zty06",
	  "siteName": null,
	  "region": null,
	  "area": null,
	  "label": null,
	  "value": "zty06"
	},
	{
	  "siteid": "1676",
	  "siteName": null,
	  "region": null,
	  "area": null,
	  "label": null,
	  "value": "1676"
	},
	{
	  "siteid": "odalt",
	  "siteName": null,
	  "region": null,
	  "area": null,
	  "label": null,
	  "value": "odalt"
	},
	{
	  "siteid": "16g1",
	  "siteName": null,
	  "region": null,
	  "area": null,
	  "label": null,
	  "value": "16g1"
	},
	{
	  "siteid": "odmel",
	  "siteName": null,
	  "region": null,
	  "area": null,
	  "label": null,
	  "value": "odmel"
	},
	{
	  "siteid": "9951",
	  "siteName": null,
	  "region": null,
	  "area": null,
	  "label": null,
	  "value": "9951"
	},
	{
	  "siteid": "16b1",
	  "siteName": null,
	  "region": null,
	  "area": null,
	  "label": null,
	  "value": "16b1"
	},
	{
	  "siteid": "lkb04",
	  "siteName": null,
	  "region": null,
	  "area": null,
	  "label": null,
	  "value": "lkb04"
	},
	{
	  "siteid": "qprpe",
	  "siteName": null,
	  "region": null,
	  "area": null,
	  "label": null,
	  "value": "qprpe"
	},
	{
	  "siteid": "15001",
	  "siteName": null,
	  "region": null,
	  "area": null,
	  "label": null,
	  "value": "15001"
	},
	{
	  "siteid": "pm125",
	  "siteName": null,
	  "region": null,
	  "area": null,
	  "label": null,
	  "value": "pm125"
	},
	{
	  "siteid": "wha",
	  "siteName": null,
	  "region": null,
	  "area": null,
	  "label": null,
	  "value": "wha"
	},
	{
	  "siteid": "ID009",
	  "siteName": "WND_IDP_MMP CIBATU(CIKARANG)_(SM)",
	  "region": "Asia Pacific Region",
	  "area": "South-East Asia Area",
	  "label": "WND_IDP_MMP CIBATU(CIKARANG)_(SM)",
	  "value": "ID009"
	},
	{
	  "siteid": "tmbn1",
	  "siteName": null,
	  "region": null,
	  "area": null,
	  "label": null,
	  "value": "tmbn1"
	},
	{
	  "siteid": "cd09",
	  "siteName": null,
	  "region": null,
	  "area": null,
	  "label": null,
	  "value": "cd09"
	},
	{
	  "siteid": "wgqap",
	  "siteName": null,
	  "region": null,
	  "area": null,
	  "label": null,
	  "value": "wgqap"
	},
	{
	  "siteid": "sw07",
	  "siteName": null,
	  "region": null,
	  "area": null,
	  "label": null,
	  "value": "sw07"
	},
	{
	  "siteid": "vs12",
	  "siteName": null,
	  "region": null,
	  "area": null,
	  "label": null,
	  "value": "vs12"
	},
	{
	  "siteid": "sl01",
	  "siteName": null,
	  "region": null,
	  "area": null,
	  "label": null,
	  "value": "sl01"
	},
	{
	  "siteid": "3107",
	  "siteName": null,
	  "region": null,
	  "area": null,
	  "label": null,
	  "value": "3107"
	},
	{
	  "siteid": "HR0008",
	  "siteName": "WND_CSE_Zagreb_(SM)",
	  "region": "Europe Region",
	  "area": "Central South Europe Area",
	  "label": "WND_CSE_Zagreb_(SM)",
	  "value": "HR0008"
	},
	{
	  "siteid": "brl",
	  "siteName": null,
	  "region": null,
	  "area": null,
	  "label": null,
	  "value": "brl"
	},
	{
	  "siteid": "6606",
	  "siteName": null,
	  "region": null,
	  "area": null,
	  "label": null,
	  "value": "6606"
	},
	{
	  "siteid": "3168",
	  "siteName": null,
	  "region": null,
	  "area": null,
	  "label": null,
	  "value": "3168"
	},
	{
	  "siteid": "3pl",
	  "siteName": null,
	  "region": null,
	  "area": null,
	  "label": null,
	  "value": "3pl"
	},
	{
	  "siteid": "KE006",
	  "siteName": "WND_EAA_BONJE CONSOLIDATION_(SM)",
	  "region": "India, Middle East & Africa Region",
	  "area": "Eastern Africa Area",
	  "label": "WND_EAA_BONJE CONSOLIDATION_(SM)",
	  "value": "KE006"
	},
	{
	  "siteid": "3641",
	  "siteName": null,
	  "region": null,
	  "area": null,
	  "label": null,
	  "value": "3641"
	},
	{
	  "siteid": "3601",
	  "siteName": null,
	  "region": null,
	  "area": null,
	  "label": null,
	  "value": "3601"
	},
	{
	  "siteid": "qhwdo",
	  "siteName": null,
	  "region": null,
	  "area": null,
	  "label": null,
	  "value": "qhwdo"
	},
	{
	  "siteid": "5156",
	  "siteName": null,
	  "region": null,
	  "area": null,
	  "label": null,
	  "value": "5156"
	},
	{
	  "siteid": "tgr01",
	  "siteName": null,
	  "region": null,
	  "area": null,
	  "label": null,
	  "value": "tgr01"
	},
	{
	  "siteid": "bs16d",
	  "siteName": null,
	  "region": null,
	  "area": null,
	  "label": null,
	  "value": "bs16d"
	},
	{
	  "siteid": "pr",
	  "siteName": null,
	  "region": null,
	  "area": null,
	  "label": null,
	  "value": "pr"
	},
	{
	  "siteid": "ckr01",
	  "siteName": null,
	  "region": null,
	  "area": null,
	  "label": null,
	  "value": "ckr01"
	},
	{
	  "siteid": "lk01",
	  "siteName": null,
	  "region": null,
	  "area": null,
	  "label": null,
	  "value": "lk01"
	},
	{
	  "siteid": "cd08",
	  "siteName": null,
	  "region": null,
	  "area": null,
	  "label": null,
	  "value": "cd08"
	},
	{
	  "siteid": "gz08",
	  "siteName": null,
	  "region": null,
	  "area": null,
	  "label": null,
	  "value": "gz08"
	},
	{
	  "siteid": "5155",
	  "siteName": null,
	  "region": null,
	  "area": null,
	  "label": null,
	  "value": "5155"
	},
	{
	  "siteid": "idcdm",
	  "siteName": null,
	  "region": null,
	  "area": null,
	  "label": null,
	  "value": "idcdm"
	},
	{
	  "siteid": "bph22",
	  "siteName": null,
	  "region": null,
	  "area": null,
	  "label": null,
	  "value": "bph22"
	},
	{
	  "siteid": "1101",
	  "siteName": null,
	  "region": null,
	  "area": null,
	  "label": null,
	  "value": "1101"
	},
	{
	  "siteid": "16b6",
	  "siteName": null,
	  "region": null,
	  "area": null,
	  "label": null,
	  "value": "16b6"
	},
	{
	  "siteid": "p301",
	  "siteName": null,
	  "region": null,
	  "area": null,
	  "label": null,
	  "value": "p301"
	},
	{
	  "siteid": "odpks",
	  "siteName": null,
	  "region": null,
	  "area": null,
	  "label": null,
	  "value": "odpks"
	},
	{
	  "siteid": "ua01",
	  "siteName": null,
	  "region": null,
	  "area": null,
	  "label": null,
	  "value": "ua01"
	},
	{
	  "siteid": "ID001",
	  "siteName": "WND_IDP_Cikarang Genesis Yale1_(SM)",
	  "region": "Asia Pacific Region",
	  "area": "South-East Asia Area",
	  "label": "WND_IDP_Cikarang Genesis Yale1_(SM)",
	  "value": "ID001"
	},
	{
	  "siteid": "qhw07",
	  "siteName": null,
	  "region": null,
	  "area": null,
	  "label": null,
	  "value": "qhw07"
	},
	{
	  "siteid": "cdr14",
	  "siteName": null,
	  "region": null,
	  "area": null,
	  "label": null,
	  "value": "cdr14"
	},
	{
	  "siteid": "qhw",
	  "siteName": null,
	  "region": null,
	  "area": null,
	  "label": null,
	  "value": "qhw"
	},
	{
	  "siteid": "pm105",
	  "siteName": null,
	  "region": null,
	  "area": null,
	  "label": null,
	  "value": "pm105"
	},
	{
	  "siteid": "bpi05",
	  "siteName": null,
	  "region": null,
	  "area": null,
	  "label": null,
	  "value": "bpi05"
	},
	{
	  "siteid": "4721",
	  "siteName": null,
	  "region": null,
	  "area": null,
	  "label": null,
	  "value": "4721"
	},
	{
	  "siteid": "pm109",
	  "siteName": null,
	  "region": null,
	  "area": null,
	  "label": null,
	  "value": "pm109"
	},
	{
	  "siteid": "TW001",
	  "siteName": "WND_GCA_DAYUAN IDC_(SM)",
	  "region": "Asia Pacific Region",
	  "area": "Greater China Area",
	  "label": "WND_GCA_DAYUAN IDC_(SM)",
	  "value": "TW001"
	},
	{
	  "siteid": "blpps",
	  "siteName": null,
	  "region": null,
	  "area": null,
	  "label": null,
	  "value": "blpps"
	},
	{
	  "siteid": "xhm",
	  "siteName": null,
	  "region": null,
	  "area": null,
	  "label": null,
	  "value": "xhm"
	},
	{
	  "siteid": "pf01",
	  "siteName": null,
	  "region": null,
	  "area": null,
	  "label": null,
	  "value": "pf01"
	},
	{
	  "siteid": "swfce",
	  "siteName": null,
	  "region": null,
	  "area": null,
	  "label": null,
	  "value": "swfce"
	},
	{
	  "siteid": "ks06",
	  "siteName": null,
	  "region": null,
	  "area": null,
	  "label": null,
	  "value": "ks06"
	},
	{
	  "siteid": "wjga",
	  "siteName": null,
	  "region": null,
	  "area": null,
	  "label": null,
	  "value": "wjga"
	},
	{
	  "siteid": "svrud",
	  "siteName": null,
	  "region": null,
	  "area": null,
	  "label": null,
	  "value": "svrud"
	},
	{
	  "siteid": "11001",
	  "siteName": null,
	  "region": null,
	  "area": null,
	  "label": null,
	  "value": "11001"
	},
	{
	  "siteid": "pf30",
	  "siteName": null,
	  "region": null,
	  "area": null,
	  "label": null,
	  "value": "pf30"
	},
	{
	  "siteid": "647",
	  "siteName": null,
	  "region": null,
	  "area": null,
	  "label": null,
	  "value": "647"
	},
	{
	  "siteid": "pm101",
	  "siteName": null,
	  "region": null,
	  "area": null,
	  "label": null,
	  "value": "pm101"
	},
	{
	  "siteid": "SN001",
	  "siteName": "WND_NWA_DAMCO MAERSK SENEGAL_(SM)",
	  "region": "India, Middle East & Africa Region",
	  "area": "Northern West Africa Area",
	  "label": "WND_NWA_DAMCO MAERSK SENEGAL_(SM)",
	  "value": "SN001"
	},
	{
	  "siteid": "5191e",
	  "siteName": null,
	  "region": null,
	  "area": null,
	  "label": null,
	  "value": "5191e"
	},
	{
	  "siteid": "bs01",
	  "siteName": null,
	  "region": null,
	  "area": null,
	  "label": null,
	  "value": "bs01"
	},
	{
	  "siteid": "dfpzg",
	  "siteName": null,
	  "region": null,
	  "area": null,
	  "label": null,
	  "value": "dfpzg"
	},
	{
	  "siteid": "admel",
	  "siteName": null,
	  "region": null,
	  "area": null,
	  "label": null,
	  "value": "admel"
	},
	{
	  "siteid": "zty12",
	  "siteName": null,
	  "region": null,
	  "area": null,
	  "label": null,
	  "value": "zty12"
	},
	{
	  "siteid": "3183",
	  "siteName": null,
	  "region": null,
	  "area": null,
	  "label": null,
	  "value": "3183"
	},
	{
	  "siteid": "c4plf",
	  "siteName": null,
	  "region": null,
	  "area": null,
	  "label": null,
	  "value": "c4plf"
	},
	{
	  "siteid": "6601",
	  "siteName": null,
	  "region": null,
	  "area": null,
	  "label": null,
	  "value": "6601"
	},
	{
	  "siteid": "3603",
	  "siteName": null,
	  "region": null,
	  "area": null,
	  "label": null,
	  "value": "3603"
	},
	{
	  "siteid": "qhw11",
	  "siteName": null,
	  "region": null,
	  "area": null,
	  "label": null,
	  "value": "qhw11"
	},
	{
	  "siteid": "bpimt",
	  "siteName": null,
	  "region": null,
	  "area": null,
	  "label": null,
	  "value": "bpimt"
	},
	{
	  "siteid": "1173",
	  "siteName": null,
	  "region": null,
	  "area": null,
	  "label": null,
	  "value": "1173"
	},
	{
	  "siteid": "qprph",
	  "siteName": null,
	  "region": null,
	  "area": null,
	  "label": null,
	  "value": "qprph"
	},
	{
	  "siteid": "mhd01",
	  "siteName": null,
	  "region": null,
	  "area": null,
	  "label": null,
	  "value": "mhd01"
	},
	{
	  "siteid": "ttmkr",
	  "siteName": null,
	  "region": null,
	  "area": null,
	  "label": null,
	  "value": "ttmkr"
	},
	{
	  "siteid": "b002",
	  "siteName": null,
	  "region": null,
	  "area": null,
	  "label": null,
	  "value": "b002"
	},
	{
	  "siteid": "dgebm",
	  "siteName": null,
	  "region": null,
	  "area": null,
	  "label": null,
	  "value": "dgebm"
	},
	{
	  "siteid": "16h1",
	  "siteName": null,
	  "region": null,
	  "area": null,
	  "label": null,
	  "value": "16h1"
	},
	{
	  "siteid": "pdu",
	  "siteName": null,
	  "region": null,
	  "area": null,
	  "label": null,
	  "value": "pdu"
	},
	{
	  "siteid": "1178",
	  "siteName": null,
	  "region": null,
	  "area": null,
	  "label": null,
	  "value": "1178"
	},
	{
	  "siteid": "ph82b",
	  "siteName": null,
	  "region": null,
	  "area": null,
	  "label": null,
	  "value": "ph82b"
	},
	{
	  "siteid": "qpckd",
	  "siteName": null,
	  "region": null,
	  "area": null,
	  "label": null,
	  "value": "qpckd"
	},
	{
	  "siteid": "bs13",
	  "siteName": null,
	  "region": null,
	  "area": null,
	  "label": null,
	  "value": "bs13"
	},
	{
	  "siteid": "51h1",
	  "siteName": null,
	  "region": null,
	  "area": null,
	  "label": null,
	  "value": "51h1"
	},
	{
	  "siteid": "SG0013",
	  "siteName": "WND_TMS_TOTAL OIL Singapore WHS_(SM)",
	  "region": "Asia Pacific Region",
	  "area": "South-East Asia Area",
	  "label": "WND_TMS_TOTAL OIL Singapore WHS_(SM)",
	  "value": "SG0013"
	},
	{
	  "siteid": "ph50s",
	  "siteName": null,
	  "region": null,
	  "area": null,
	  "label": null,
	  "value": "ph50s"
	},
	{
	  "siteid": "MY002",
	  "siteName": "WND_TMS_SX 15 - PKFZ WAREHOUSE_(SM)",
	  "region": "Asia Pacific Region",
	  "area": "South-East Asia Area",
	  "label": "WND_TMS_SX 15 - PKFZ WAREHOUSE_(SM)",
	  "value": "MY002"
	},
	{
	  "siteid": "rwl",
	  "siteName": null,
	  "region": null,
	  "area": null,
	  "label": null,
	  "value": "rwl"
	},
	{
	  "siteid": "128r",
	  "siteName": null,
	  "region": null,
	  "area": null,
	  "label": null,
	  "value": "128r"
	},
	{
	  "siteid": "qhw16",
	  "siteName": null,
	  "region": null,
	  "area": null,
	  "label": null,
	  "value": "qhw16"
	},
	{
	  "siteid": "647f",
	  "siteName": null,
	  "region": null,
	  "area": null,
	  "label": null,
	  "value": "647f"
	},
	{
	  "siteid": "wjbm",
	  "siteName": null,
	  "region": null,
	  "area": null,
	  "label": null,
	  "value": "wjbm"
	},
	{
	  "siteid": "vas20",
	  "siteName": null,
	  "region": null,
	  "area": null,
	  "label": null,
	  "value": "vas20"
	},
	{
	  "siteid": "18e1",
	  "siteName": null,
	  "region": null,
	  "area": null,
	  "label": null,
	  "value": "18e1"
	},
	{
	  "siteid": "dtrgz",
	  "siteName": null,
	  "region": null,
	  "area": null,
	  "label": null,
	  "value": "dtrgz"
	},
	{
	  "siteid": "hf001",
	  "siteName": null,
	  "region": null,
	  "area": null,
	  "label": null,
	  "value": "hf001"
	},
	{
	  "siteid": "cdp07",
	  "siteName": null,
	  "region": null,
	  "area": null,
	  "label": null,
	  "value": "cdp07"
	},
	{
	  "siteid": "1643",
	  "siteName": null,
	  "region": null,
	  "area": null,
	  "label": null,
	  "value": "1643"
	},
	{
	  "siteid": "pm119",
	  "siteName": null,
	  "region": null,
	  "area": null,
	  "label": null,
	  "value": "pm119"
	},
	{
	  "siteid": "abjp",
	  "siteName": null,
	  "region": null,
	  "area": null,
	  "label": null,
	  "value": "abjp"
	},
	{
	  "siteid": "p7002",
	  "siteName": null,
	  "region": null,
	  "area": null,
	  "label": null,
	  "value": "p7002"
	},
	{
	  "siteid": "pm124",
	  "siteName": null,
	  "region": null,
	  "area": null,
	  "label": null,
	  "value": "pm124"
	},
	{
	  "siteid": "bac",
	  "siteName": null,
	  "region": null,
	  "area": null,
	  "label": null,
	  "value": "bac"
	},
	{
	  "siteid": "wgqus",
	  "siteName": null,
	  "region": null,
	  "area": null,
	  "label": null,
	  "value": "wgqus"
	},
	{
	  "siteid": "p083",
	  "siteName": null,
	  "region": null,
	  "area": null,
	  "label": null,
	  "value": "p083"
	},
	{
	  "siteid": "gik01",
	  "siteName": null,
	  "region": null,
	  "area": null,
	  "label": null,
	  "value": "gik01"
	},
	{
	  "siteid": "qpck",
	  "siteName": null,
	  "region": null,
	  "area": null,
	  "label": null,
	  "value": "qpck"
	},
	{
	  "siteid": "3176",
	  "siteName": null,
	  "region": null,
	  "area": null,
	  "label": null,
	  "value": "3176"
	},
	{
	  "siteid": "ab",
	  "siteName": null,
	  "region": null,
	  "area": null,
	  "label": null,
	  "value": "ab"
	},
	{
	  "siteid": "5154",
	  "siteName": null,
	  "region": null,
	  "area": null,
	  "label": null,
	  "value": "5154"
	},
	{
	  "siteid": "km18",
	  "siteName": null,
	  "region": null,
	  "area": null,
	  "label": null,
	  "value": "km18"
	},
	{
	  "siteid": "bpi04",
	  "siteName": null,
	  "region": null,
	  "area": null,
	  "label": null,
	  "value": "bpi04"
	},
	{
	  "siteid": "cn ua",
	  "siteName": null,
	  "region": null,
	  "area": null,
	  "label": null,
	  "value": "cn ua"
	},
	{
	  "siteid": "af02",
	  "siteName": null,
	  "region": null,
	  "area": null,
	  "label": null,
	  "value": "af02"
	},
	{
	  "siteid": "p001",
	  "siteName": null,
	  "region": null,
	  "area": null,
	  "label": null,
	  "value": "p001"
	},
	{
	  "siteid": "gz09",
	  "siteName": null,
	  "region": null,
	  "area": null,
	  "label": null,
	  "value": "gz09"
	},
	{
	  "siteid": "SN005",
	  "siteName": "WND_NWA_ZIGUINCHOR_(SM)",
	  "region": "India, Middle East & Africa Region",
	  "area": "Northern West Africa Area",
	  "label": "WND_NWA_ZIGUINCHOR_(SM)",
	  "value": "SN005"
	},
	{
	  "siteid": "inact",
	  "siteName": null,
	  "region": null,
	  "area": null,
	  "label": null,
	  "value": "inact"
	},
	{
	  "siteid": "nao2c",
	  "siteName": null,
	  "region": null,
	  "area": null,
	  "label": null,
	  "value": "nao2c"
	},
	{
	  "siteid": "qhw09",
	  "siteName": null,
	  "region": null,
	  "area": null,
	  "label": null,
	  "value": "qhw09"
	},
	{
	  "siteid": "MY016",
	  "siteName": "WND_TMS_Barry Callebaut/P Gudang_(SM)",
	  "region": "Asia Pacific Region",
	  "area": "South-East Asia Area",
	  "label": "WND_TMS_Barry Callebaut/P Gudang_(SM)",
	  "value": "MY016"
	},
	{
	  "siteid": "hcm",
	  "siteName": null,
	  "region": null,
	  "area": null,
	  "label": null,
	  "value": "hcm"
	},
	{
	  "siteid": "lkdc1",
	  "siteName": null,
	  "region": null,
	  "area": null,
	  "label": null,
	  "value": "lkdc1"
	},
	{
	  "siteid": "mrd01",
	  "siteName": null,
	  "region": null,
	  "area": null,
	  "label": null,
	  "value": "mrd01"
	},
	{
	  "siteid": "3186",
	  "siteName": null,
	  "region": null,
	  "area": null,
	  "label": null,
	  "value": "3186"
	},
	{
	  "siteid": "p7000",
	  "siteName": null,
	  "region": null,
	  "area": null,
	  "label": null,
	  "value": "p7000"
	},
	{
	  "siteid": "5162",
	  "siteName": null,
	  "region": null,
	  "area": null,
	  "label": null,
	  "value": "5162"
	},
	{
	  "siteid": "bcz01",
	  "siteName": null,
	  "region": null,
	  "area": null,
	  "label": null,
	  "value": "bcz01"
	},
	{
	  "siteid": "kdc",
	  "siteName": null,
	  "region": null,
	  "area": null,
	  "label": null,
	  "value": "kdc"
	},
	{
	  "siteid": "skee",
	  "siteName": null,
	  "region": null,
	  "area": null,
	  "label": null,
	  "value": "skee"
	},
	{
	  "siteid": "jlima",
	  "siteName": null,
	  "region": null,
	  "area": null,
	  "label": null,
	  "value": "jlima"
	},
	{
	  "siteid": "hong kong lfc converse levis",
	  "siteName": null,
	  "region": null,
	  "area": null,
	  "label": null,
	  "value": "hong kong lfc converse levis"
	},
	{
	  "siteid": "18140",
	  "siteName": null,
	  "region": null,
	  "area": null,
	  "label": null,
	  "value": "18140"
	},
	{
	  "siteid": "3606",
	  "siteName": null,
	  "region": null,
	  "area": null,
	  "label": null,
	  "value": "3606"
	},
	{
	  "siteid": "trusl",
	  "siteName": null,
	  "region": null,
	  "area": null,
	  "label": null,
	  "value": "trusl"
	},
	{
	  "siteid": "fc",
	  "siteName": null,
	  "region": null,
	  "area": null,
	  "label": null,
	  "value": "fc"
	},
	{
	  "siteid": "jt01",
	  "siteName": null,
	  "region": null,
	  "area": null,
	  "label": null,
	  "value": "jt01"
	},
	{
	  "siteid": "szc5",
	  "siteName": null,
	  "region": null,
	  "area": null,
	  "label": null,
	  "value": "szc5"
	},
	{
	  "siteid": "4701",
	  "siteName": null,
	  "region": null,
	  "area": null,
	  "label": null,
	  "value": "4701"
	},
	{
	  "siteid": "cdr03",
	  "siteName": null,
	  "region": null,
	  "area": null,
	  "label": null,
	  "value": "cdr03"
	},
	{
	  "siteid": "kvmdz",
	  "siteName": null,
	  "region": null,
	  "area": null,
	  "label": null,
	  "value": "kvmdz"
	},
	{
	  "siteid": "lkbp",
	  "siteName": null,
	  "region": null,
	  "area": null,
	  "label": null,
	  "value": "lkbp"
	},
	{
	  "siteid": "fn02",
	  "siteName": null,
	  "region": null,
	  "area": null,
	  "label": null,
	  "value": "fn02"
	},
	{
	  "siteid": "pm120",
	  "siteName": null,
	  "region": null,
	  "area": null,
	  "label": null,
	  "value": "pm120"
	},
	{
	  "siteid": "wjsjf",
	  "siteName": null,
	  "region": null,
	  "area": null,
	  "label": null,
	  "value": "wjsjf"
	},
	{
	  "siteid": "mnd03",
	  "siteName": null,
	  "region": null,
	  "area": null,
	  "label": null,
	  "value": "mnd03"
	},
	{
	  "siteid": "3102",
	  "siteName": null,
	  "region": null,
	  "area": null,
	  "label": null,
	  "value": "3102"
	},
	{
	  "siteid": "NG002",
	  "siteName": "WND_CWA_Kimberly Clarke-Ikorodu_(SM)",
	  "region": "India, Middle East & Africa Region",
	  "area": "Central West Africa Area",
	  "label": "WND_CWA_Kimberly Clarke-Ikorodu_(SM)",
	  "value": "NG002"
	},
	{
	  "siteid": "dsp",
	  "siteName": null,
	  "region": null,
	  "area": null,
	  "label": null,
	  "value": "dsp"
	},
	{
	  "siteid": "p130",
	  "siteName": null,
	  "region": null,
	  "area": null,
	  "label": null,
	  "value": "p130"
	},
	{
	  "siteid": "amt01",
	  "siteName": null,
	  "region": null,
	  "area": null,
	  "label": null,
	  "value": "amt01"
	},
	{
	  "siteid": "cdr11",
	  "siteName": null,
	  "region": null,
	  "area": null,
	  "label": null,
	  "value": "cdr11"
	},
	{
	  "siteid": "sw01",
	  "siteName": null,
	  "region": null,
	  "area": null,
	  "label": null,
	  "value": "sw01"
	},
	{
	  "siteid": "qhw04",
	  "siteName": null,
	  "region": null,
	  "area": null,
	  "label": null,
	  "value": "qhw04"
	},
	{
	  "siteid": "esr05",
	  "siteName": null,
	  "region": null,
	  "area": null,
	  "label": null,
	  "value": "esr05"
	},
	{
	  "siteid": "nbdel",
	  "siteName": null,
	  "region": null,
	  "area": null,
	  "label": null,
	  "value": "nbdel"
	},
	{
	  "siteid": "qhwbr",
	  "siteName": null,
	  "region": null,
	  "area": null,
	  "label": null,
	  "value": "qhwbr"
	},
	{
	  "siteid": "pan",
	  "siteName": null,
	  "region": null,
	  "area": null,
	  "label": null,
	  "value": "pan"
	},
	{
	  "siteid": "prmdz",
	  "siteName": null,
	  "region": null,
	  "area": null,
	  "label": null,
	  "value": "prmdz"
	},
	{
	  "siteid": "cdp11",
	  "siteName": null,
	  "region": null,
	  "area": null,
	  "label": null,
	  "value": "cdp11"
	},
	{
	  "siteid": "snidc",
	  "siteName": null,
	  "region": null,
	  "area": null,
	  "label": null,
	  "value": "snidc"
	},
	{
	  "siteid": "yppc1",
	  "siteName": null,
	  "region": null,
	  "area": null,
	  "label": null,
	  "value": "yppc1"
	},
	{
	  "siteid": "cd01",
	  "siteName": null,
	  "region": null,
	  "area": null,
	  "label": null,
	  "value": "cd01"
	},
	{
	  "siteid": "bsp",
	  "siteName": null,
	  "region": null,
	  "area": null,
	  "label": null,
	  "value": "bsp"
	},
	{
	  "siteid": "ftz",
	  "siteName": null,
	  "region": null,
	  "area": null,
	  "label": null,
	  "value": "ftz"
	},
	{
	  "siteid": "bs07",
	  "siteName": null,
	  "region": null,
	  "area": null,
	  "label": null,
	  "value": "bs07"
	},
	{
	  "siteid": "kv",
	  "siteName": null,
	  "region": null,
	  "area": null,
	  "label": null,
	  "value": "kv"
	},
	{
	  "siteid": "ind",
	  "siteName": null,
	  "region": null,
	  "area": null,
	  "label": null,
	  "value": "ind"
	},
	{
	  "siteid": "jbf5",
	  "siteName": null,
	  "region": null,
	  "area": null,
	  "label": null,
	  "value": "jbf5"
	},
	{
	  "siteid": "qpcv",
	  "siteName": null,
	  "region": null,
	  "area": null,
	  "label": null,
	  "value": "qpcv"
	},
	{
	  "siteid": "cn shanghai ypdc mast",
	  "siteName": null,
	  "region": null,
	  "area": null,
	  "label": null,
	  "value": "cn shanghai ypdc mast"
	},
	{
	  "siteid": "szdcy",
	  "siteName": null,
	  "region": null,
	  "area": null,
	  "label": null,
	  "value": "szdcy"
	},
	{
	  "siteid": "fab6s",
	  "siteName": null,
	  "region": null,
	  "area": null,
	  "label": null,
	  "value": "fab6s"
	},
	{
	  "siteid": "5161",
	  "siteName": null,
	  "region": null,
	  "area": null,
	  "label": null,
	  "value": "5161"
	},
	{
	  "siteid": "4651",
	  "siteName": null,
	  "region": null,
	  "area": null,
	  "label": null,
	  "value": "4651"
	},
	{
	  "siteid": "1187",
	  "siteName": null,
	  "region": null,
	  "area": null,
	  "label": null,
	  "value": "1187"
	},
	{
	  "siteid": "VN002",
	  "siteName": "WND_VCM_TBS - CFS Warehouse_(SM)",
	  "region": "Asia Pacific Region",
	  "area": "Mekong Area",
	  "label": "WND_VCM_TBS - CFS Warehouse_(SM)",
	  "value": "VN002"
	},
	{
	  "siteid": "loold",
	  "siteName": null,
	  "region": null,
	  "area": null,
	  "label": null,
	  "value": "loold"
	},
	{
	  "siteid": "ckch",
	  "siteName": null,
	  "region": null,
	  "area": null,
	  "label": null,
	  "value": "ckch"
	},
	{
	  "siteid": "psjp",
	  "siteName": null,
	  "region": null,
	  "area": null,
	  "label": null,
	  "value": "psjp"
	},
	{
	  "siteid": "kse01",
	  "siteName": null,
	  "region": null,
	  "area": null,
	  "label": null,
	  "value": "kse01"
	},
	{
	  "siteid": "f3",
	  "siteName": null,
	  "region": null,
	  "area": null,
	  "label": null,
	  "value": "f3"
	},
	{
	  "siteid": "VN012",
	  "siteName": "WND_VCM_Lien Anh - Binh Duong_(SM)",
	  "region": "Asia Pacific Region",
	  "area": "Mekong Area",
	  "label": "WND_VCM_Lien Anh - Binh Duong_(SM)",
	  "value": "VN012"
	},
	{
	  "siteid": "kt01",
	  "siteName": null,
	  "region": null,
	  "area": null,
	  "label": null,
	  "value": "kt01"
	},
	{
	  "siteid": "py03",
	  "siteName": null,
	  "region": null,
	  "area": null,
	  "label": null,
	  "value": "py03"
	},
	{
	  "siteid": "605",
	  "siteName": null,
	  "region": null,
	  "area": null,
	  "label": null,
	  "value": "605"
	},
	{
	  "siteid": "4610",
	  "siteName": null,
	  "region": null,
	  "area": null,
	  "label": null,
	  "value": "4610"
	},
	{
	  "siteid": "af01",
	  "siteName": null,
	  "region": null,
	  "area": null,
	  "label": null,
	  "value": "af01"
	},
	{
	  "siteid": "qprpd",
	  "siteName": null,
	  "region": null,
	  "area": null,
	  "label": null,
	  "value": "qprpd"
	},
	{
	  "siteid": "125c",
	  "siteName": null,
	  "region": null,
	  "area": null,
	  "label": null,
	  "value": "125c"
	},
	{
	  "siteid": "al02",
	  "siteName": null,
	  "region": null,
	  "area": null,
	  "label": null,
	  "value": "al02"
	},
	{
	  "siteid": "ex1",
	  "siteName": null,
	  "region": null,
	  "area": null,
	  "label": null,
	  "value": "ex1"
	},
	{
	  "siteid": "qhw29",
	  "siteName": null,
	  "region": null,
	  "area": null,
	  "label": null,
	  "value": "qhw29"
	},
	{
	  "siteid": "1651",
	  "siteName": null,
	  "region": null,
	  "area": null,
	  "label": null,
	  "value": "1651"
	},
	{
	  "siteid": "ckr02",
	  "siteName": null,
	  "region": null,
	  "area": null,
	  "label": null,
	  "value": "ckr02"
	},
	{
	  "siteid": "3623",
	  "siteName": null,
	  "region": null,
	  "area": null,
	  "label": null,
	  "value": "3623"
	},
	{
	  "siteid": "p1007",
	  "siteName": null,
	  "region": null,
	  "area": null,
	  "label": null,
	  "value": "p1007"
	},
	{
	  "siteid": "sbd01",
	  "siteName": null,
	  "region": null,
	  "area": null,
	  "label": null,
	  "value": "sbd01"
	},
	{
	  "siteid": "cn jiangsu vfcdc",
	  "siteName": null,
	  "region": null,
	  "area": null,
	  "label": null,
	  "value": "cn jiangsu vfcdc"
	},
	{
	  "siteid": "pm104",
	  "siteName": null,
	  "region": null,
	  "area": null,
	  "label": null,
	  "value": "pm104"
	},
	{
	  "siteid": "3171",
	  "siteName": null,
	  "region": null,
	  "area": null,
	  "label": null,
	  "value": "3171"
	},
	{
	  "siteid": "dgeo4",
	  "siteName": null,
	  "region": null,
	  "area": null,
	  "label": null,
	  "value": "dgeo4"
	},
	{
	  "siteid": "51c1",
	  "siteName": null,
	  "region": null,
	  "area": null,
	  "label": null,
	  "value": "51c1"
	},
	{
	  "siteid": "1601",
	  "siteName": null,
	  "region": null,
	  "area": null,
	  "label": null,
	  "value": "1601"
	},
	{
	  "siteid": "IN0105",
	  "siteName": "WND_IBS_Mumbai 1_(SM)",
	  "region": "India, Middle East & Africa Region",
	  "area": "India and Bangladesh Area",
	  "label": "WND_IBS_Mumbai 1_(SM)",
	  "value": "IN0105"
	},
	{
	  "siteid": "cbd01",
	  "siteName": null,
	  "region": null,
	  "area": null,
	  "label": null,
	  "value": "cbd01"
	},
	{
	  "siteid": "ceb01",
	  "siteName": null,
	  "region": null,
	  "area": null,
	  "label": null,
	  "value": "ceb01"
	},
	{
	  "siteid": "bpi01",
	  "siteName": null,
	  "region": null,
	  "area": null,
	  "label": null,
	  "value": "bpi01"
	},
	{
	  "siteid": "hy01",
	  "siteName": null,
	  "region": null,
	  "area": null,
	  "label": null,
	  "value": "hy01"
	},
	{
	  "siteid": "1611",
	  "siteName": null,
	  "region": null,
	  "area": null,
	  "label": null,
	  "value": "1611"
	},
	{
	  "siteid": "VN018",
	  "siteName": "WND_VCM_TBS-WH1_(3P)",
	  "region": "Asia Pacific Region",
	  "area": "Mekong Area",
	  "label": "WND_VCM_TBS-WH1_(3P)",
	  "value": "VN018"
	},
	{
	  "siteid": "lzdph",
	  "siteName": null,
	  "region": null,
	  "area": null,
	  "label": null,
	  "value": "lzdph"
	},
	{
	  "siteid": "szcs1",
	  "siteName": null,
	  "region": null,
	  "area": null,
	  "label": null,
	  "value": "szcs1"
	},
	{
	  "siteid": "cdr06",
	  "siteName": null,
	  "region": null,
	  "area": null,
	  "label": null,
	  "value": "cdr06"
	},
	{
	  "siteid": "ec",
	  "siteName": null,
	  "region": null,
	  "area": null,
	  "label": null,
	  "value": "ec"
	},
	{
	  "siteid": "8000",
	  "siteName": null,
	  "region": null,
	  "area": null,
	  "label": null,
	  "value": "8000"
	},
	{
	  "siteid": "16h6",
	  "siteName": null,
	  "region": null,
	  "area": null,
	  "label": null,
	  "value": "16h6"
	},
	{
	  "siteid": "logv1",
	  "siteName": null,
	  "region": null,
	  "area": null,
	  "label": null,
	  "value": "logv1"
	},
	{
	  "siteid": "p19",
	  "siteName": null,
	  "region": null,
	  "area": null,
	  "label": null,
	  "value": "p19"
	},
	{
	  "siteid": "4626",
	  "siteName": null,
	  "region": null,
	  "area": null,
	  "label": null,
	  "value": "4626"
	},
	{
	  "siteid": "fab6",
	  "siteName": null,
	  "region": null,
	  "area": null,
	  "label": null,
	  "value": "fab6"
	},
	{
	  "siteid": "wj06b",
	  "siteName": null,
	  "region": null,
	  "area": null,
	  "label": null,
	  "value": "wj06b"
	},
	{
	  "siteid": "hong kong riley",
	  "siteName": null,
	  "region": null,
	  "area": null,
	  "label": null,
	  "value": "hong kong riley"
	},
	{
	  "siteid": "5568",
	  "siteName": null,
	  "region": null,
	  "area": null,
	  "label": null,
	  "value": "5568"
	},
	{
	  "siteid": "bulim",
	  "siteName": null,
	  "region": null,
	  "area": null,
	  "label": null,
	  "value": "bulim"
	},
	{
	  "siteid": "3131",
	  "siteName": null,
	  "region": null,
	  "area": null,
	  "label": null,
	  "value": "3131"
	},
	{
	  "siteid": "ssjp",
	  "siteName": null,
	  "region": null,
	  "area": null,
	  "label": null,
	  "value": "ssjp"
	},
	{
	  "siteid": "1151",
	  "siteName": null,
	  "region": null,
	  "area": null,
	  "label": null,
	  "value": "1151"
	},
	{
	  "siteid": "604",
	  "siteName": null,
	  "region": null,
	  "area": null,
	  "label": null,
	  "value": "604"
	},
	{
	  "siteid": "scj06",
	  "siteName": null,
	  "region": null,
	  "area": null,
	  "label": null,
	  "value": "scj06"
	},
	{
	  "siteid": "VN008",
	  "siteName": "WND_VCM_Hai Thanh CFS_(SM)",
	  "region": "Asia Pacific Region",
	  "area": "Mekong Area",
	  "label": "WND_VCM_Hai Thanh CFS_(SM)",
	  "value": "VN008"
	},
	{
	  "siteid": "sjf02",
	  "siteName": null,
	  "region": null,
	  "area": null,
	  "label": null,
	  "value": "sjf02"
	},
	{
	  "siteid": "bz005",
	  "siteName": null,
	  "region": null,
	  "area": null,
	  "label": null,
	  "value": "bz005"
	},
	{
	  "siteid": "gzm01",
	  "siteName": null,
	  "region": null,
	  "area": null,
	  "label": null,
	  "value": "gzm01"
	},
	{
	  "siteid": "aptae",
	  "siteName": null,
	  "region": null,
	  "area": null,
	  "label": null,
	  "value": "aptae"
	},
	{
	  "siteid": "uposm",
	  "siteName": null,
	  "region": null,
	  "area": null,
	  "label": null,
	  "value": "uposm"
	},
	{
	  "siteid": "bnk19",
	  "siteName": null,
	  "region": null,
	  "area": null,
	  "label": null,
	  "value": "bnk19"
	},
	{
	  "siteid": "wh03",
	  "siteName": null,
	  "region": null,
	  "area": null,
	  "label": null,
	  "value": "wh03"
	},
	{
	  "siteid": "hong kong lfc nike",
	  "siteName": null,
	  "region": null,
	  "area": null,
	  "label": null,
	  "value": "hong kong lfc nike"
	},
	{
	  "siteid": "51h3",
	  "siteName": null,
	  "region": null,
	  "area": null,
	  "label": null,
	  "value": "51h3"
	},
	{
	  "siteid": "hy10",
	  "siteName": null,
	  "region": null,
	  "area": null,
	  "label": null,
	  "value": "hy10"
	},
	{
	  "siteid": "SN004",
	  "siteName": "WND_NWA_TAMBACOUNDA_(SM)",
	  "region": "India, Middle East & Africa Region",
	  "area": "Northern West Africa Area",
	  "label": "WND_NWA_TAMBACOUNDA_(SM)",
	  "value": "SN004"
	},
	{
	  "siteid": "szdca",
	  "siteName": null,
	  "region": null,
	  "area": null,
	  "label": null,
	  "value": "szdca"
	},
	{
	  "siteid": "51b1",
	  "siteName": null,
	  "region": null,
	  "area": null,
	  "label": null,
	  "value": "51b1"
	},
	{
	  "siteid": "dsjp",
	  "siteName": null,
	  "region": null,
	  "area": null,
	  "label": null,
	  "value": "dsjp"
	},
	{
	  "siteid": "sze01",
	  "siteName": null,
	  "region": null,
	  "area": null,
	  "label": null,
	  "value": "sze01"
	},
	{
	  "siteid": "py06",
	  "siteName": null,
	  "region": null,
	  "area": null,
	  "label": null,
	  "value": "py06"
	},
	{
	  "siteid": "CN009",
	  "siteName": "WND_GCA_Ocean East_(SM)",
	  "region": "Asia Pacific Region",
	  "area": "Greater China Area",
	  "label": "WND_GCA_Ocean East_(SM)",
	  "value": "CN009"
	},
	{
	  "siteid": "wjb1",
	  "siteName": null,
	  "region": null,
	  "area": null,
	  "label": null,
	  "value": "wjb1"
	},
	{
	  "siteid": "ll",
	  "siteName": null,
	  "region": null,
	  "area": null,
	  "label": null,
	  "value": "ll"
	},
	{
	  "siteid": "whdg",
	  "siteName": null,
	  "region": null,
	  "area": null,
	  "label": null,
	  "value": "whdg"
	},
	{
	  "siteid": "pm122",
	  "siteName": null,
	  "region": null,
	  "area": null,
	  "label": null,
	  "value": "pm122"
	},
	{
	  "siteid": "cebu",
	  "siteName": null,
	  "region": null,
	  "area": null,
	  "label": null,
	  "value": "cebu"
	},
	{
	  "siteid": "1171",
	  "siteName": null,
	  "region": null,
	  "area": null,
	  "label": null,
	  "value": "1171"
	},
	{
	  "siteid": "hajp",
	  "siteName": null,
	  "region": null,
	  "area": null,
	  "label": null,
	  "value": "hajp"
	},
	{
	  "siteid": "mlk07",
	  "siteName": null,
	  "region": null,
	  "area": null,
	  "label": null,
	  "value": "mlk07"
	},
	{
	  "siteid": "bs12d",
	  "siteName": null,
	  "region": null,
	  "area": null,
	  "label": null,
	  "value": "bs12d"
	},
	{
	  "siteid": "qhw19",
	  "siteName": null,
	  "region": null,
	  "area": null,
	  "label": null,
	  "value": "qhw19"
	},
	{
	  "siteid": "tpgf9",
	  "siteName": null,
	  "region": null,
	  "area": null,
	  "label": null,
	  "value": "tpgf9"
	},
	{
	  "siteid": "km12",
	  "siteName": null,
	  "region": null,
	  "area": null,
	  "label": null,
	  "value": "km12"
	},
	{
	  "siteid": "dj",
	  "siteName": null,
	  "region": null,
	  "area": null,
	  "label": null,
	  "value": "dj"
	},
	{
	  "siteid": "abs12",
	  "siteName": null,
	  "region": null,
	  "area": null,
	  "label": null,
	  "value": "abs12"
	},
	{
	  "siteid": "xc",
	  "siteName": null,
	  "region": null,
	  "area": null,
	  "label": null,
	  "value": "xc"
	},
	{
	  "siteid": "null",
	  "siteName": null,
	  "region": null,
	  "area": null,
	  "label": null,
	  "value": "null"
	},
	{
	  "siteid": "blpbr",
	  "siteName": null,
	  "region": null,
	  "area": null,
	  "label": null,
	  "value": "blpbr"
	},
	{
	  "siteid": "5160",
	  "siteName": null,
	  "region": null,
	  "area": null,
	  "label": null,
	  "value": "5160"
	},
	{
	  "siteid": "hmose",
	  "siteName": null,
	  "region": null,
	  "area": null,
	  "label": null,
	  "value": "hmose"
	},
	{
	  "siteid": "ph53",
	  "siteName": null,
	  "region": null,
	  "area": null,
	  "label": null,
	  "value": "ph53"
	},
	{
	  "siteid": "619n",
	  "siteName": null,
	  "region": null,
	  "area": null,
	  "label": null,
	  "value": "619n"
	},
	{
	  "siteid": "cdr04",
	  "siteName": null,
	  "region": null,
	  "area": null,
	  "label": null,
	  "value": "cdr04"
	},
	{
	  "siteid": "ph83",
	  "siteName": null,
	  "region": null,
	  "area": null,
	  "label": null,
	  "value": "ph83"
	},
	{
	  "siteid": "d1m",
	  "siteName": null,
	  "region": null,
	  "area": null,
	  "label": null,
	  "value": "d1m"
	},
	{
	  "siteid": "ph10",
	  "siteName": null,
	  "region": null,
	  "area": null,
	  "label": null,
	  "value": "ph10"
	},
	{
	  "siteid": "lgd01",
	  "siteName": null,
	  "region": null,
	  "area": null,
	  "label": null,
	  "value": "lgd01"
	},
	{
	  "siteid": "bje01",
	  "siteName": null,
	  "region": null,
	  "area": null,
	  "label": null,
	  "value": "bje01"
	},
	{
	  "siteid": "cbd12",
	  "siteName": null,
	  "region": null,
	  "area": null,
	  "label": null,
	  "value": "cbd12"
	},
	{
	  "siteid": "bts03",
	  "siteName": null,
	  "region": null,
	  "area": null,
	  "label": null,
	  "value": "bts03"
	},
	{
	  "siteid": "mos",
	  "siteName": null,
	  "region": null,
	  "area": null,
	  "label": null,
	  "value": "mos"
	},
	{
	  "siteid": "sevqi",
	  "siteName": null,
	  "region": null,
	  "area": null,
	  "label": null,
	  "value": "sevqi"
	},
	{
	  "siteid": "rm01",
	  "siteName": null,
	  "region": null,
	  "area": null,
	  "label": null,
	  "value": "rm01"
	},
	{
	  "siteid": "6603",
	  "siteName": null,
	  "region": null,
	  "area": null,
	  "label": null,
	  "value": "6603"
	},
	{
	  "siteid": "hy08",
	  "siteName": null,
	  "region": null,
	  "area": null,
	  "label": null,
	  "value": "hy08"
	},
	{
	  "siteid": "MM001",
	  "siteName": "WND_VCM_Starlight C3_(SM)",
	  "region": "Asia Pacific Region",
	  "area": "Mekong Area",
	  "label": "WND_VCM_Starlight C3_(SM)",
	  "value": "MM001"
	},
	{
	  "siteid": "p7001",
	  "siteName": null,
	  "region": null,
	  "area": null,
	  "label": null,
	  "value": "p7001"
	},
	{
	  "siteid": "bdc02",
	  "siteName": null,
	  "region": null,
	  "area": null,
	  "label": null,
	  "value": "bdc02"
	},
	{
	  "siteid": "tg",
	  "siteName": null,
	  "region": null,
	  "area": null,
	  "label": null,
	  "value": "tg"
	},
	{
	  "siteid": "cgy01",
	  "siteName": null,
	  "region": null,
	  "area": null,
	  "label": null,
	  "value": "cgy01"
	},
	{
	  "siteid": "gz08t",
	  "siteName": null,
	  "region": null,
	  "area": null,
	  "label": null,
	  "value": "gz08t"
	},
	{
	  "siteid": "hy03",
	  "siteName": null,
	  "region": null,
	  "area": null,
	  "label": null,
	  "value": "hy03"
	},
	{
	  "siteid": "cn pvh",
	  "siteName": null,
	  "region": null,
	  "area": null,
	  "label": null,
	  "value": "cn pvh"
	},
	{
	  "siteid": "cbt03",
	  "siteName": null,
	  "region": null,
	  "area": null,
	  "label": null,
	  "value": "cbt03"
	},
	{
	  "siteid": "SN006",
	  "siteName": "WND_NWA_SEBI 1_(SM)",
	  "region": "India, Middle East & Africa Region",
	  "area": "Northern West Africa Area",
	  "label": "WND_NWA_SEBI 1_(SM)",
	  "value": "SN006"
	},
	{
	  "siteid": "IN0082",
	  "siteName": "WND_IBS_Sikandarabad 1_(SM)",
	  "region": "India, Middle East & Africa Region",
	  "area": "India and Bangladesh Area",
	  "label": "WND_IBS_Sikandarabad 1_(SM)",
	  "value": "IN0082"
	},
	{
	  "siteid": "bdc03",
	  "siteName": null,
	  "region": null,
	  "area": null,
	  "label": null,
	  "value": "bdc03"
	},
	{
	  "siteid": "wh06",
	  "siteName": null,
	  "region": null,
	  "area": null,
	  "label": null,
	  "value": "wh06"
	},
	{
	  "siteid": "ulplp",
	  "siteName": null,
	  "region": null,
	  "area": null,
	  "label": null,
	  "value": "ulplp"
	},
	{
	  "siteid": "br1",
	  "siteName": null,
	  "region": null,
	  "area": null,
	  "label": null,
	  "value": "br1"
	},
	{
	  "siteid": "f5",
	  "siteName": null,
	  "region": null,
	  "area": null,
	  "label": null,
	  "value": "f5"
	},
	{
	  "siteid": "bs13q",
	  "siteName": null,
	  "region": null,
	  "area": null,
	  "label": null,
	  "value": "bs13q"
	},
	{
	  "siteid": "VN017",
	  "siteName": "WND_VCM_TBS-WH6-Bonded AMZ_(3P)",
	  "region": "Asia Pacific Region",
	  "area": "Mekong Area",
	  "label": "WND_VCM_TBS-WH6-Bonded AMZ_(3P)",
	  "value": "VN017"
	},
	{
	  "siteid": "cdp01",
	  "siteName": null,
	  "region": null,
	  "area": null,
	  "label": null,
	  "value": "cdp01"
	},
	{
	  "siteid": "SN003",
	  "siteName": "WND_NWA_SAINT LOUIS_(SM)",
	  "region": "India, Middle East & Africa Region",
	  "area": "Northern West Africa Area",
	  "label": "WND_NWA_SAINT LOUIS_(SM)",
	  "value": "SN003"
	},
	{
	  "siteid": "bs10",
	  "siteName": null,
	  "region": null,
	  "area": null,
	  "label": null,
	  "value": "bs10"
	},
	{
	  "siteid": "b001",
	  "siteName": null,
	  "region": null,
	  "area": null,
	  "label": null,
	  "value": "b001"
	},
	{
	  "siteid": "mcnke",
	  "siteName": null,
	  "region": null,
	  "area": null,
	  "label": null,
	  "value": "mcnke"
	},
	{
	  "siteid": "remye",
	  "siteName": null,
	  "region": null,
	  "area": null,
	  "label": null,
	  "value": "remye"
	},
	{
	  "siteid": "16c6",
	  "siteName": null,
	  "region": null,
	  "area": null,
	  "label": null,
	  "value": "16c6"
	},
	{
	  "siteid": "cdrcb",
	  "siteName": null,
	  "region": null,
	  "area": null,
	  "label": null,
	  "value": "cdrcb"
	},
	{
	  "siteid": "1656",
	  "siteName": null,
	  "region": null,
	  "area": null,
	  "label": null,
	  "value": "1656"
	},
	{
	  "siteid": "qhw18",
	  "siteName": null,
	  "region": null,
	  "area": null,
	  "label": null,
	  "value": "qhw18"
	},
	{
	  "siteid": "qhw01",
	  "siteName": null,
	  "region": null,
	  "area": null,
	  "label": null,
	  "value": "qhw01"
	},
	{
	  "siteid": "f1",
	  "siteName": null,
	  "region": null,
	  "area": null,
	  "label": null,
	  "value": "f1"
	},
	{
	  "siteid": "UK001",
	  "siteName": "WND_UKI_Kettering_(SM)",
	  "region": "Europe Region",
	  "area": "United Kingdom and Ireland Area",
	  "label": "WND_UKI_Kettering_(SM)",
	  "value": "UK001"
	},
	{
	  "siteid": "qhw14",
	  "siteName": null,
	  "region": null,
	  "area": null,
	  "label": null,
	  "value": "qhw14"
	},
	{
	  "siteid": "51f1",
	  "siteName": null,
	  "region": null,
	  "area": null,
	  "label": null,
	  "value": "51f1"
	},
	{
	  "siteid": "dgem3",
	  "siteName": null,
	  "region": null,
	  "area": null,
	  "label": null,
	  "value": "dgem3"
	},
	{
	  "siteid": "idumm",
	  "siteName": null,
	  "region": null,
	  "area": null,
	  "label": null,
	  "value": "idumm"
	},
	{
	  "siteid": "hong kong atl9 anf lulu",
	  "siteName": null,
	  "region": null,
	  "area": null,
	  "label": null,
	  "value": "hong kong atl9 anf lulu"
	}
  ]