{
    "sitesDataBySource": [
        {
            "dataSource": "System Feed: WMS – Koerber(57), Manhattan Scale–EU(2), PT-WebEc(16), PT-Scale(15)",
            "countOfSites": 84
        },
        {
            "dataSource": "System Feed: LF WMS",
            "countOfSites": 113
        },
        {
            "dataSource": "Manual Feed: Facilities Portal-Sites on long tail or Customer WMS",
            "countOfSites": 178
        },
        {
            "dataSource": "Total",
            "countOfSites": 375
        },
        {
            "dataSource": "LF Sites, not on LF WMS",
            "countOfSites": 71
        },
        {
            "dataSource": "Total",
            "countOfSites": 446
        }
    ],
    "lfSites": 71
}