{
	"data": {
	  "negative": [
		{
		  "archeType": "Fulfilment",
		  "area": "South-East Asia Area",
		  "rank": 1,
		  "region": "Asia Pacific Region",
		  "siteID": "SG0013",
		  "siteName": "WND_TMS_TOTAL OIL Singapore WHS_(SM)"
		},
		{
		  "archeType": "Fulfilment",
		  "area": "United Kingdom and Ireland Area",
		  "rank": 2,
		  "region": "Europe Region",
		  "siteID": "UK001",
		  "siteName": "WND_UKI_Kettering_(SM)"
		},
		{
		  "archeType": "Consolidation",
		  "area": "Mekong Area",
		  "rank": 3,
		  "region": "Asia Pacific Region",
		  "siteID": "MM001",
		  "siteName": "WND_VCM_Starlight C3_(SM)"
		},
		{
		  "archeType": "Consolidation",
		  "area": "South-East Asia Area",
		  "rank": 4,
		  "region": "Asia Pacific Region",
		  "siteID": "MY001",
		  "siteName": "WND_TMS_Axeis Reit - TPP WHS_(SM)"
		},
		{
		  "archeType": "Consolidation",
		  "area": "Eastern Africa Area",
		  "rank": 5,
		  "region": "India, Middle East & Africa Region",
		  "siteID": "KE006",
		  "siteName": "WND_EAA_BONJE CONSOLIDATION_(SM)"
		},
		{
		  "archeType": "Fulfilment",
		  "area": "Northern West Africa Area",
		  "rank": 6,
		  "region": "India, Middle East & Africa Region",
		  "siteID": "SN003",
		  "siteName": "WND_NWA_SAINT LOUIS_(SM)"
		},
		{
		  "archeType": "Deconsolidation",
		  "area": "Central South Europe Area",
		  "rank": 7,
		  "region": "Europe Region",
		  "siteID": "HR0008",
		  "siteName": "WND_CSE_Zagreb_(SM)"
		},
		{
		  "archeType": "Consolidation",
		  "area": "Mekong Area",
		  "rank": 8,
		  "region": "Asia Pacific Region",
		  "siteID": "KH002",
		  "siteName": "WND_VCM_Union_(SM)"
		},
		{
		  "archeType": "Fulfilment",
		  "area": "Mekong Area",
		  "rank": 9,
		  "region": "Asia Pacific Region",
		  "siteID": "VN004",
		  "siteName": "WND_VCM_TBS Chemical &Â DC_(SM)"
		},
		{
		  "archeType": "Fulfilment",
		  "area": "India and Bangladesh Area",
		  "rank": 10,
		  "region": "India, Middle East & Africa Region",
		  "siteID": "IN0082",
		  "siteName": "WND_IBS_Sikandarabad 1_(SM)"
		},
		{
		  "archeType": "Consolidation",
		  "area": "Mekong Area",
		  "rank": 11,
		  "region": "Asia Pacific Region",
		  "siteID": "VN008",
		  "siteName": "WND_VCM_Hai Thanh CFS_(SM)"
		},
		{
		  "archeType": "Consolidation",
		  "area": "Greater China Area",
		  "rank": 12,
		  "region": "Asia Pacific Region",
		  "siteID": "CN009",
		  "siteName": "WND_GCA_Ocean East_(SM)"
		},
		{
		  "archeType": "Fulfilment",
		  "area": "South-East Asia Area",
		  "rank": 13,
		  "region": "Asia Pacific Region",
		  "siteID": "MY002",
		  "siteName": "WND_TMS_SX 15 - PKFZ WAREHOUSE_(SM)"
		},
		{
		  "archeType": "Fulfilment",
		  "area": "Mekong Area",
		  "rank": 14,
		  "region": "Asia Pacific Region",
		  "siteID": "TH005",
		  "siteName": "WND_TMS_LAEM CHABANG FTZ_(SM)"
		},
		{
		  "archeType": "Consolidation",
		  "area": "South-East Asia Area",
		  "rank": 15,
		  "region": "Asia Pacific Region",
		  "siteID": "ID007",
		  "siteName": "WND_IDP_DWI In Cakung, Indonesia_(SM)"
		}
	  ],
	  "negativeCount": 31
	},
	"kpiName": "PDP by Revenue",
	"month": "March",
	"year": "2023"
  }