{
	"data": {
	  "positive": [
		{
		  "archeType": "Fulfilment",
		  "area": "South-East Asia Area",
		  "rank": 1,
		  "region": "Asia Pacific Region",
		  "siteID": "SG0012",
		  "siteName": "WND_TMS_Singapore West DC_(SM)"
		},
		{
		  "archeType": "Fulfilment",
		  "area": "Mekong Area",
		  "rank": 2,
		  "region": "Asia Pacific Region",
		  "siteID": "VN005",
		  "siteName": "WND_VCM_Mapletree Bac Ninh (MPT16_(SM)"
		},
		{
		  "archeType": "Consolidation",
		  "area": "Eastern Africa Area",
		  "rank": 3,
		  "region": "India, Middle East & Africa Region",
		  "siteID": "KE008",
		  "siteName": "WND_EAA_MODJO WAREHOUSE_(SM)"
		},
		{
		  "archeType": "Fulfilment",
		  "area": "Eastern Africa Area",
		  "rank": 4,
		  "region": "India, Middle East & Africa Region",
		  "siteID": "KE0015",
		  "siteName": "WND_EAA_Astra Business Park_(SM)"
		},
		{
		  "archeType": "Consolidation",
		  "area": "Mekong Area",
		  "rank": 5,
		  "region": "Asia Pacific Region",
		  "siteID": "VN002",
		  "siteName": "WND_VCM_TBS - CFS Warehouse_(SM)"
		},
		{
		  "archeType": "Fulfilment",
		  "area": "Northern West Africa Area",
		  "rank": 6,
		  "region": "India, Middle East & Africa Region",
		  "siteID": "SN004",
		  "siteName": "WND_NWA_TAMBACOUNDA_(SM)"
		},
		{
		  "archeType": "Fulfilment",
		  "area": "Mekong Area",
		  "rank": 7,
		  "region": "Asia Pacific Region",
		  "siteID": "VN012",
		  "siteName": "WND_VCM_Lien Anh - Binh Duong_(SM)"
		},
		{
		  "archeType": "Consolidation",
		  "area": "Mekong Area",
		  "rank": 8,
		  "region": "Asia Pacific Region",
		  "siteID": "KH001",
		  "siteName": "WND_VCM_Teng Lay_(SM)"
		},
		{
		  "archeType": "Fulfilment",
		  "area": "Northern West Africa Area",
		  "rank": 9,
		  "region": "India, Middle East & Africa Region",
		  "siteID": "SN008",
		  "siteName": "WND_NWA_Beneix 1_(SM)"
		},
		{
		  "archeType": "Fulfilment",
		  "area": "Northern West Africa Area",
		  "rank": 10,
		  "region": "India, Middle East & Africa Region",
		  "siteID": "SN006",
		  "siteName": "WND_NWA_SEBI 1_(SM)"
		},
		{
		  "archeType": "Fulfilment",
		  "area": "Central West Africa Area",
		  "rank": 11,
		  "region": "India, Middle East & Africa Region",
		  "siteID": "NG002",
		  "siteName": "WND_CWA_Kimberly Clarke-Ikorodu_(SM)"
		},
		{
		  "archeType": "Fulfilment",
		  "area": "United Arab Emirates Area",
		  "rank": 12,
		  "region": "India, Middle East & Africa Region",
		  "siteID": "AE006",
		  "siteName": "WND_UAE_Jafza 1_(SM)"
		},
		{
		  "archeType": "Fulfilment",
		  "area": "South-East Asia Area",
		  "rank": 13,
		  "region": "Asia Pacific Region",
		  "siteID": "MY005",
		  "siteName": "WND_TMS_Maple Tree_(SM)"
		}
	  ],
	  "positiveCount": 13
	},
	"kpiName": "PDP by Revenue",
	"month": "March",
	"year": "2023"
  }