{
    "metrics": "Revenue",
    "maxValue": "2075602.66",
    "minValue": "-2591599.72",
    "unit": "Million USD",
    "data": [
        {
            "countryCode": "VN",
            "state": [
                {
                 "stateCode": "",
                 "value": "",
                 "latitude": "",
                 "longtitude": "",
                 "category": ""
                },
                {
                 "stateCode": "",
                 "value": "",
                 "latitude": "",
                 "longtitude": "",
                 "category": ""
                },
                {
                    "stateCode": "",
                    "value": "",
                    "latitude": "",
                    "longtitude": "",
                    "category": ""
                   }
            ]
        }
    ]
}