[
    {
   
        "title":"PPD",
        "value":23.4,   
         "IsAllways":false,
        "Isdeviation":false,
        "deviation":"",
        "Ismachine":false
    
    },
   {
        "title":"Outbound ",
        "value":66.0,
        "IsAllways":false,
        "Isdeviation":false,
        "deviation":"",
        "Ismachine":false
    },
   {
        "title":"Inbound",
        "value":10.1,
        "IsAllways":false,
        "Isdeviation":false,
        "deviation":"",
        "Ismachine":false
    },
    {
        "title":"SIFOT",
        "value":10.1,
        "IsAllways":false,
        "Isdeviation":false,
        "deviation":"5",
        "Ismachine":false
    },
    {
        "title":"Revenue",
        "value":10.1,
        "IsAllways":false,
        "Isdeviation":false,
        "deviation":"",
        "Ismachine":false
    },
    {
        "title":"All",
        "value":10.1,
        "IsAllways":false,
        "Isdeviation":false,
        "deviation":"",
        "Ismachine":false
    },
    {
        "title":"Throughput",
        "value":10.1,
        "IsAllways":false,
        "Isdeviation":false,
        "deviation":"",
        "Ismachine":false
    },
    {
        "title":"Throughput-Revenue",
        "value":10.1,
        "IsAllways":false,
        "Isdeviation":false,
        "deviation":"",
        "Ismachine":false
    },
    {
        "title":"Throughput-ppd",
        "value":10.1,
        "IsAllways":false,
        "Isdeviation":false,
        "deviation":"",
        "Ismachine":false
    },
    {
        "title":"Accuracy",
        "value":10.1,
        "IsAllways":false,
        "Isdeviation":false,
        "deviation":"",
        "Ismachine":false
    }
]