{
  "manualSiteInputs": [{
    "source": "Facilities Portal",
    "palletsInbound": 2415,
    "palletsOutbound": 2260,
    "cartonsInbound": 35824,
    "cartonsOutbound": 62954,
    "unitsInbound": 0,
    "unitsOutbound": 0,
    "cbmInbound": 3658,
    "cbmOutbound": 2678
  }],
    "automatedWMSExtracts": [{
      "source": "Manhattan Scale - Maersk",
      "customer": "CANON IS",
      "uomInbound": "CBM",
      "uomSimplifiedInbound": "CBM",
      "putawayQuantity": 0,
      "uomOutbound": "CBM",
      "uomSimplifiedOutbound": "EA",
      "shippedQuantity": 50
    },
    {
      "source": "Manhattan Scale - Maersk",
      "customer": "CANON IS",
      "uomInbound": "CBM",
      "uomSimplifiedInbound": "CBM",
      "putawayQuantity": 0,
      "uomOutbound": "CBM",
      "uomSimplifiedOutbound": "EA",
      "shippedQuantity": 50
    }]
  }